studentId,reducido,ciclo,Graduado
88588.0,Interv. Edu.,2019 - 08,No
81135.0,Educacion,2019 - 05,Si
80926.0,Direc. Estrat. Neg,2019 - 05,Si
82415.0,B. I.,2019 - 06,Si
90082.0,Est. Temprana,2019 - 08,No
51963.0,Mercadotecnia,2017 - 06,No
79559.0,E. Lectoescritura,2019 - 05,No
76347.0,Des. Neg. y Empren.,2019 - 03,Si
71147.0,Neuromarketing,2019 - 01,No
79108.0,Programacion de Apps,2019 - 05,No
79603.0,Direc. Proy.,2019 - 05,No
89211.0,Direc. Emp. Fam.,2019 - 08,No
84830.0,Direc. Emp. Fam.,2019 - 07,No
73893.0,Estrat. Comercial,2019 - 02,No
83432.0,Diagn. Psicoped.,2019 - 06,No
74112.0,Alim. Y Nut. Salud,2019 - 02,No
86495.0,Gest. Esc.,2019 - 08,No
70566.0,Neuromarketing,2019 - 01,Si
88099.0,Com. Corp.,2019 - 08,No
77891.0,Alim. Y Nut. Salud,2019 - 04,Si
82639.0,Mkt. Digital,2019 - 06,No
77418.0,Bien. Salud y Calidad,2019 - 04,Si
77817.0,Mercadotecnia,2019 - 04,No
74090.0,Prof. Deportiva.,2019 - 02,No
76306.0,Alim. Y Nut. Salud,2019 - 03,Si
81073.0,Gest. Esc.,2019 - 05,No
50705.0,Mercadotecnia,2017 - 05,No
78310.0,Educacion,2019 - 04,No
77416.0,Est. Temprana,2019 - 04,No
78134.0,Direc. Estrat. Neg,2019 - 06,No
85445.0,E. Lectoescritura,2019 - 07,Si
54457.0,Lider. Inst. Edu.,2017 - 08,Si
77750.0,Alim. Y Nut. Salud,2019 - 04,No
80598.0,Diagn. Psicoped.,2019 - 05,No
67450.0,Lider. Inst. Edu.,2018 - 07,Si
53370.0,Educacion,2017 - 07,Si
86653.0,Comp. Directivas,2019 - 07,Si
78415.0,Alim. Y Nut. Salud,2019 - 04,Si
82495.0,Alim. Y Nut. Salud,2019 - 06,Si
81866.0,Educacion,2019 - 06,No
68574.0,Inn. Negocios,2018 - 08,No
77584.0,Ventas Estrat.,2019 - 04,Si
70858.0,Big Data,2019 - 01,No
74019.0,Interv. Psicoped,2019 - 02,No
57076.0,Gest. Esc.,2018 - 02,No
74013.0,Estrat. Comercial,2019 - 02,No
84400.0,Edu. Preescolar,2019 - 06,Si
76578.0,Interv. Psicoped,2019 - 03,Si
72353.0,Educacion,2019 - 01,No
78557.0,Admon Fin.,2019 - 04,No
68389.0,Psicoped. Escolar,2018 - 08,Si
84119.0,Direc. Proy.,2019 - 06,Si
75944.0,Planeacion Estrat.,2019 - 03,Si
58756.0,Educacion,2018 - 03,Si
89612.0,Est. Temprana,2019 - 08,No
50918.0,Intro. Fin,2017 - 05,Si
75971.0,Alim. Y Nut. Salud,2019 - 03,Si
64647.0,Lider. Inst. Edu.,2018 - 05,Si
73428.0,Direc. Estrat. Neg,2019 - 02,No
88258.0,Prin. Fiscales,2019 - 08,No
75263.0,Direc. Proy.,2019 - 03,Si
75549.0,Big Data,2019 - 03,No
73456.0,Inn. Tec. Edu.,2019 - 07,Si
90888.0,Trastornos Alimen.,2019 - 08,Si
89896.0,Obesidad. Inf.,2019 - 08,No
86305.0,Adm. Salud,2019 - 07,Si
80860.0,Diagn. Psicoped.,2019 - 05,No
81079.0,Estrat. Comercial,2019 - 06,No
64652.0,Lider. Inst. Edu.,2018 - 05,Si
76340.0,Comp. Dig. Docentes,2019 - 05,No
81334.0,Alim. Y Nut. Salud,2019 - 05,Si
79564.0,Design Think,2019 - 05,No
86277.0,Est. Temprana,2019 - 07,No
79601.0,E-Commerce,2019 - 05,No
80612.0,E. Lectoescritura,2019 - 05,Si
69357.0,Mercadotecnia,2018 - 08,No
72597.0,Gest. Esc.,2019 - 02,Si
52599.0,Educacion,2017 - 06,Si
89861.0,Edu. Preescolar,2019 - 08,Si
76989.0,Alim. Y Nut. Salud,2019 - 04,No
65241.0,Comp. Directivas,2018 - 06,No
69742.0,Direc. Proy.,2018 - 08,Si
70457.0,Direc. Estrat. Neg,2019 - 01,Si
76154.0,Big Data,2019 - 03,No
83987.0,Est. Temprana,2019 - 06,Si
60013.0,Gest. Esc.,2018 - 03,No
54025.0,Educacion,2017 - 08,No
63517.0,Gest. Esc.,2018 - 05,Si
83795.0,Alim. Y Nut. Salud,2019 - 07,Si
84038.0,Alim. Y Nut. Salud,2019 - 06,No
54229.0,Educacion,2017 - 08,No
86301.0,Hist. Arte. Medieval,2019 - 07,Si
84297.0,Diagn. Psicoped.,2019 - 06,Si
83240.0,Lider. Inst. Edu.,2019 - 06,No
84444.0,Edu. Preescolar,2019 - 06,No
82184.0,Cloud Computing,2019 - 06,No
77956.0,Admon Fin.,2019 - 04,Si
74335.0,Interv. Psicoped,2019 - 02,No
79949.0,Alim. Y Nut. Salud,2019 - 05,No
80039.0,Est. Temprana,2019 - 05,Si
68435.0,Neuromarketing,2018 - 08,No
82929.0,Alim. Y Nut. Salud,2019 - 06,Si
53140.0,Hab. Geren.,2017 - 07,Si
47144.0,Educacion,2017 - 04,No
90281.0,Est. Temprana,2019 - 08,Si
47424.0,Intro. Fin,2017 - 04,Si
81940.0,Adm. Emp.,2019 - 06,No
83288.0,Alim. Y Nut. Salud,2019 - 06,Si
89268.0,E-Commerce,2019 - 08,Si
81862.0,Mkt. Digital,2019 - 06,No
73457.0,Inn. Tec. Edu.,2019 - 07,Si
87336.0,Prin. Fiscales,2019 - 07,No
72486.0,Psicoped. Escolar,2019 - 01,No
65944.0,Comp. Directivas,2018 - 06,Si
53831.0,Comp. Dig. Docentes,2017 - 07,No
79207.0,Adm. Salud,2019 - 05,Si
73054.0,Mercadotecnia,2019 - 02,No
77012.0,B. I.,2019 - 04,No
88316.0,Prin. Fiscales,2019 - 08,No
77525.0,Alim. Y Nut. Salud,2019 - 04,Si
73484.0,Diagn. Psicoped.,2019 - 02,No
74079.0,Alim. Y Nut. Salud,2019 - 02,Si
81367.0,Gest. Esc.,2019 - 05,Si
70924.0,Neuromarketing,2019 - 01,No
86674.0,Est. Temprana,2019 - 07,Si
90609.0,Coaching Edu.,2019 - 08,No
82911.0,Ventas Estrat.,2019 - 06,No
76708.0,Est. Prac. Edu.,2019 - 04,No
73312.0,Educacion,2019 - 02,No
87721.0,Alim. Y Nut. Salud,2019 - 08,Si
71811.0,Neuromarketing,2019 - 01,Si
74108.0,Interv. Psicoped,2019 - 02,No
70712.0,Big Data,2019 - 01,Si
65949.0,Direc. Proy.,2018 - 06,Si
53077.0,Direc. Proy.,2017 - 07,No
89523.0,Coaching de Vida,2019 - 08,No
81360.0,Programacion de Apps,2019 - 05,Si
76981.0,Mkt. Digital,2019 - 04,No
79733.0,Programacion de Apps,2019 - 05,Si
79813.0,E. Lectoescritura,2019 - 05,No
79573.0,Bien. Salud y Calidad,2019 - 05,No
65469.0,Direc. Proy.,2018 - 06,Si
73371.0,Ventas Estrat.,2019 - 02,Si
85335.0,Alim. Y Nut. Salud,2019 - 07,No
70289.0,Direc. Proy.,2019 - 01,No
71908.0,Big Data,2019 - 01,Si
88700.0,Alim. Y Nut. Salud,2019 - 08,No
80170.0,Coaching de Vida,2019 - 05,No
86225.0,Obesidad. Inf.,2019 - 07,No
83798.0,Adm. Salud,2019 - 06,Si
70723.0,Planeacion Estrat.,2019 - 01,No
78643.0,Programacion de Apps,2019 - 04,No
60726.0,Comp. Directivas,2018 - 03,Si
54905.0,Educacion,2017 - 08,Si
49891.0,Hab. Geren.,2017 - 05,No
78525.0,Alim. Y Nut. Salud,2019 - 04,No
87098.0,Alim. Y Nut. Salud,2019 - 07,Si
79324.0,Mkt. Digital,2019 - 05,No
79149.0,Direc. Proy.,2019 - 05,Si
81700.0,Alim. Y Nut. Salud,2019 - 06,No
74391.0,Alim. Y Nut. Salud,2019 - 02,Si
84117.0,Adm. Salud,2019 - 06,No
90906.0,E. Lectoescritura,2019 - 08,Si
76519.0,Alim. Y Nut. Salud,2019 - 03,No
82642.0,Lider. Inst. Edu.,2019 - 07,No
66011.0,Gest. Tal.,2018 - 06,Si
77689.0,Alim. Y Nut. Salud,2019 - 04,No
85389.0,Alim. Y Nut. Salud,2019 - 07,Si
91316.0,Est. Prac. Edu.,2019 - 08,Si
62423.0,Mercadotecnia,2018 - 04,No
81416.0,B. I.,2019 - 06,Si
81773.0,Admon Fin.,2019 - 06,No
80676.0,Design Think,2019 - 05,No
81331.0,Edu. Preescolar,2019 - 05,No
74932.0,Prof. Deportiva.,2019 - 03,No
69368.0,Big Data,2018 - 08,Si
82946.0,Direc. Proy.,2019 - 06,Si
76111.0,Gest. Esc.,2019 - 03,No
91141.0,Hab. Geren.,2019 - 08,No
89591.0,Des. Neg. y Empren.,2019 - 08,No
50784.0,Educacion,2017 - 05,No
80987.0,Gest. Tal.,2019 - 05,No
85193.0,Educacion,2019 - 07,Si
50224.0,Gest. Tal.,2017 - 07,Si
81493.0,Prog. Neuroling.,2019 - 06,Si
75205.0,Admon Fin.,2019 - 03,Si
56068.0,Comp. Directivas,2018 - 08,Si
80427.0,Big Data en Edu,2019 - 06,No
74680.0,Alim. Y Nut. Salud,2019 - 03,No
81083.0,Direc. Proy.,2019 - 05,Si
81698.0,Desarrollo Mot.,2019 - 06,Si
85010.0,Desarrollo Mot.,2019 - 07,Si
81400.0,Neuromarketing,2019 - 05,Si
71879.0,Direc. Estrat. Neg,2019 - 01,Si
69154.0,Educacion,2018 - 08,Si
64478.0,Lider. Inst. Edu.,2018 - 05,Si
57387.0,Lider. Inst. Edu.,2018 - 08,No
67501.0,Intro. Fin,2018 - 07,Si
79589.0,Alim. Y Nut. Salud,2019 - 05,No
84266.0,Psicopat. Adol.,2019 - 07,No
87504.0,E-Commerce,2019 - 07,Si
81167.0,Programacion de Apps,2019 - 05,No
84343.0,Edu. Preescolar,2019 - 06,Si
75080.0,Admon Fin.,2019 - 03,Si
90801.0,Fintech,2019 - 08,No
90194.0,Edu. Primaria,2019 - 08,No
76075.0,Alim. Y Nut. Salud,2019 - 03,No
73706.0,Diagn. Psicoped.,2019 - 02,Si
84492.0,Prof. Deportiva.,2019 - 07,No
73516.0,Direc. Estrat. Neg,2019 - 02,No
79341.0,Programacion de Apps,2019 - 05,No
89187.0,Prog. Neuroling.,2019 - 08,Si
73429.0,Comp. Directivas,2019 - 02,No
85144.0,Est. Temprana,2019 - 07,Si
83335.0,Inc. Edu.,2019 - 06,Si
72275.0,Direc. Estrat. Neg,2019 - 01,Si
78087.0,Ventas Estrat.,2019 - 04,Si
67673.0,Planeacion Estrat.,2018 - 07,Si
67576.0,Intro. Fin,2018 - 07,Si
80168.0,Alim. Y Nut. Salud,2019 - 05,Si
82727.0,Planeacion Estrat.,2019 - 06,Si
74151.0,Prof. Deportiva.,2019 - 02,Si
56023.0,Comp. Directivas,2018 - 01,No
80226.0,Educacion,2019 - 05,No
81874.0,Direc. Proy.,2019 - 06,Si
83026.0,Crianza Hijos,2019 - 06,No
67615.0,Gest. Esc.,2018 - 07,No
80184.0,Coaching de Vida,2019 - 05,Si
54183.0,Planeacion Estrat.,2017 - 08,No
72240.0,Psicoped. Escolar,2019 - 01,No
84591.0,E. Lectoescritura,2019 - 07,No
87624.0,Alim. Y Nut. Salud,2019 - 08,No
80679.0,Des. Neg. y Empren.,2019 - 06,No
80854.0,Alim. Y Nut. Salud,2019 - 05,Si
76107.0,Des. Neg. y Empren.,2019 - 03,No
67444.0,Educacion,2018 - 07,Si
76439.0,Alim. Y Nut. Salud,2019 - 04,Si
71465.0,Admon Fin.,2019 - 01,Si
80992.0,Des. Cap. Hum.,2019 - 05,Si
78458.0,Ventas Estrat.,2019 - 04,No
52536.0,Gest. Esc.,2017 - 06,Si
87091.0,Lider. Inst. Edu.,2019 - 07,Si
83221.0,Mercadotecnia,2019 - 06,Si
87430.0,Inc. Edu.,2019 - 07,No
88046.0,Est. Temprana,2019 - 08,No
56875.0,Inn. Tec. Edu.,2018 - 02,No
88910.0,Big Data,2019 - 08,No
87564.0,Alim. Y Nut. Salud,2019 - 07,No
80131.0,Alim. Y Nut. Salud,2019 - 05,No
87209.0,Coaching de Vida,2019 - 07,No
78853.0,Alim. Y Nut. Salud,2019 - 04,No
65170.0,Educacion,2018 - 07,Si
87234.0,Comp. Directivas,2019 - 08,Si
67979.0,Ventas Estrat.,2018 - 08,No
80924.0,E. Lectoescritura,2019 - 05,No
83196.0,Alim. Y Nut. Salud,2019 - 06,Si
80135.0,Alim. Y Nut. Salud,2019 - 05,No
72075.0,Neuromarketing,2019 - 01,No
84814.0,B. I.,2019 - 07,Si
83871.0,Estrat. Comercial,2019 - 06,Si
89898.0,Educacion,2019 - 08,No
62144.0,Mercadotecnia,2018 - 04,No
78070.0,Ventas Estrat.,2019 - 04,No
76597.0,Inn. Negocios,2019 - 03,Si
78433.0,Alim. Y Nut. Salud,2019 - 04,No
72494.0,Interv. Psicoped,2019 - 02,Si
84374.0,Gest. Tal.,2019 - 06,No
83013.0,Lider. Inst. Edu.,2019 - 06,No
82909.0,Programacion de Apps,2019 - 06,Si
79015.0,Edu. Preescolar,2019 - 05,Si
86413.0,Admon Fin.,2019 - 07,Si
87092.0,Edu. Preescolar,2019 - 07,No
72672.0,Ventas Estrat.,2019 - 02,Si
81024.0,Programacion de Apps,2019 - 05,No
85848.0,Adm. Salud,2019 - 07,Si
70405.0,Estrat. Comercial,2019 - 01,No
81914.0,Prof. Deportiva.,2019 - 05,Si
52991.0,Direc. Proy.,2017 - 07,Si
84055.0,Trastornos Alimen.,2019 - 06,Si
60368.0,Hab. Geren.,2018 - 03,Si
87768.0,E. Lectoescritura,2019 - 08,No
83366.0,Adm. Salud,2019 - 06,Si
81455.0,Diagn. Psicoped.,2019 - 05,No
78538.0,E. Lectoescritura,2019 - 04,No
89199.0,Direc. Proy.,2019 - 08,No
55499.0,Intro. Fin,2018 - 01,No
81742.0,Big Data,2019 - 06,Si
55542.0,Educacion,2018 - 01,Si
75872.0,Estrategia Tal. Hum.,2019 - 03,No
89768.0,Direc. Proy.,2019 - 08,No
85995.0,Lit. Lat. S. XX,2019 - 07,No
84652.0,Inc. Edu.,2019 - 07,Si
74279.0,Alim. Y Nut. Salud,2019 - 02,No
65844.0,Educacion,2018 - 06,No
81456.0,Interv. Psicoped,2019 - 05,Si
91147.0,Hab. Geren.,2019 - 08,No
91220.0,Edu. Preescolar,2019 - 08,No
80472.0,Crianza Hijos,2019 - 05,Si
85478.0,Big Data,2019 - 07,No
86297.0,Est. Temprana,2019 - 07,No
74200.0,Ventas Estrat.,2019 - 02,Si
46818.0,Intro. Fin,2017 - 03,No
77521.0,Interv. Psicoped,2019 - 04,Si
86634.0,Est. Temprana,2019 - 07,No
70602.0,Neuromarketing,2019 - 01,Si
69790.0,Diagn. Psicoped.,2019 - 01,Si
81623.0,Direc. Emp. Fam.,2019 - 06,Si
71374.0,Efect. Cap. Hum.,2019 - 01,Si
77683.0,E. Lectoescritura,2019 - 04,Si
76843.0,Interv. Edu.,2019 - 04,Si
85409.0,Marca Personal,2019 - 07,No
65014.0,Comp. Directivas,2018 - 06,No
70726.0,Big Data,2019 - 01,Si
86816.0,Direc. Estrat. Neg,2019 - 07,No
83332.0,Adm. Salud,2019 - 06,Si
76040.0,Comp. Directivas,2019 - 03,No
68910.0,Intro. Fin,2018 - 08,Si
52075.0,Intro. Fin,2017 - 06,No
71163.0,Planeacion Estrat.,2019 - 01,Si
69072.0,Diagn. Psicoped.,2018 - 08,No
72238.0,Big Data,2019 - 01,Si
84448.0,Des. Neg. y Empren.,2019 - 06,No
83031.0,Est. Temprana,2019 - 06,No
83200.0,Des. Neg. y Empren.,2019 - 06,No
83828.0,Programacion de Apps,2019 - 07,No
83058.0,Big Data,2019 - 06,Si
76302.0,Inn. Negocios,2019 - 03,Si
78847.0,Design Think,2019 - 04,No
75328.0,Neuromarketing,2019 - 03,No
71260.0,Des. Cap. Hum.,2019 - 01,Si
52270.0,Direc. Proy.,2017 - 07,Si
86484.0,Alim. Y Nut. Salud,2019 - 07,Si
80915.0,Direc. Proy.,2019 - 05,No
81744.0,Crianza Hijos,2019 - 06,Si
83032.0,Design Think,2019 - 06,Si
58526.0,Lider. Inst. Edu.,2018 - 02,No
78267.0,Direc. Proy.,2019 - 04,Si
58220.0,Direc. Proy.,2018 - 02,No
76186.0,Comp. Directivas,2019 - 04,No
71712.0,Interv. Psicoped,2019 - 01,Si
81152.0,E. Lectoescritura,2019 - 05,Si
88793.0,Programacion de Apps,2019 - 08,No
81622.0,Alim. Y Nut. Salud,2019 - 06,Si
79514.0,Coaching de Vida,2019 - 05,No
86943.0,Alim. Y Nut. Salud,2019 - 07,Si
57947.0,Direc. Proy.,2018 - 02,Si
83097.0,Mkt. Digital,2019 - 07,Si
90926.0,E-Commerce,2019 - 08,No
65261.0,Educacion,2018 - 07,Si
80858.0,Intro. Fin,2019 - 06,Si
84084.0,Edu. Preescolar,2019 - 07,No
75465.0,Ventas Estrat.,2019 - 03,Si
77019.0,Crianza Hijos,2019 - 04,No
82917.0,Est. Temprana,2019 - 06,Si
56154.0,Planeacion Estrat.,2018 - 01,Si
77731.0,Estrategia Tal. Hum.,2019 - 04,No
78725.0,Est. Temprana,2019 - 04,Si
85825.0,Prof. Deportiva.,2019 - 07,No
69365.0,Gest. Esc.,2019 - 01,Si
75865.0,Mkt. Digital,2019 - 03,No
87116.0,Adm. Emp.,2019 - 07,Si
73811.0,Direc. Proy.,2019 - 02,Si
89387.0,Adm. Emp.,2019 - 08,No
85764.0,Des. Videojuegos,2019 - 07,No
64099.0,Comp. Dig. Docentes,2018 - 05,Si
80263.0,Mkt. Digital,2019 - 05,Si
64290.0,Planeacion Estrat.,2018 - 07,No
63733.0,Planeacion Estrat.,2018 - 05,Si
68334.0,Gest. Esc.,2018 - 08,Si
83983.0,Psicopat. Adol.,2019 - 06,Si
58592.0,Educacion,2018 - 02,Si
73614.0,Direc. Proy.,2019 - 02,Si
87192.0,Bien. Salud y Calidad,2019 - 07,Si
83726.0,Desarrollo Mot.,2019 - 06,No
53841.0,Mercadotecnia,2017 - 07,Si
83468.0,Adm. Riesgos,2019 - 06,Si
85444.0,Hist. Arte. Clasico,2019 - 07,Si
57571.0,Intro. Fin,2018 - 02,No
91149.0,Hab. Geren.,2019 - 08,No
45898.0,Mercadotecnia,2017 - 03,Si
72562.0,Big Data,2019 - 01,Si
78015.0,Planeacion Estrat.,2019 - 04,No
71411.0,Fin. Corp. Avan.,2019 - 01,No
82215.0,E. Lectoescritura,2019 - 06,Si
90919.0,Alim. Y Nut. Salud,2019 - 08,Si
50514.0,Comp. Dig. Docentes,2017 - 05,Si
47443.0,Direc. Proy.,2017 - 04,Si
89893.0,Diagn. Psicoped.,2019 - 08,Si
71358.0,Psicoped. Escolar,2019 - 01,No
89684.0,Gob. Adm. P. E.,2019 - 08,No
77966.0,E. Lectoescritura,2019 - 04,No
69382.0,Big Data,2018 - 08,Si
83015.0,Lider. Inst. Edu.,2019 - 06,Si
89860.0,Adm. Emp.,2019 - 08,No
82544.0,Big Data,2019 - 06,No
91335.0,Gest. Esc.,2019 - 08,Si
78302.0,Alim. Y Nut. Salud,2019 - 04,Si
87956.0,Direc. Proy.,2019 - 08,No
77687.0,Calidad Educativa,2019 - 04,No
80229.0,Educacion,2019 - 05,Si
74941.0,Mercadotecnia,2019 - 03,No
85603.0,Inc. Edu.,2019 - 07,No
72488.0,Hab. Geren.,2019 - 01,Si
87969.0,Inn. Tec. Edu.,2019 - 08,Si
70344.0,Big Data,2019 - 01,No
81499.0,Crianza Hijos,2019 - 06,Si
78706.0,Mkt. Digital,2019 - 04,Si
81741.0,Direc. Proy.,2019 - 06,Si
81754.0,Alim. Y Nut. Salud,2019 - 06,No
57086.0,Comp. Directivas,2018 - 02,No
68249.0,Interv. Psicoped,2018 - 08,Si
86115.0,Edu. Preescolar,2019 - 07,Si
70932.0,Neuromarketing,2019 - 01,No
83116.0,Mkt. Digital,2019 - 06,Si
90594.0,Alim. Y Nut. Salud,2019 - 08,No
86405.0,Alim. Y Nut. Salud,2019 - 07,Si
77977.0,Alim. Y Nut. Salud,2019 - 04,Si
75243.0,Gest. Esc.,2019 - 03,No
86716.0,Alim. Y Nut. Salud,2019 - 07,No
54295.0,Comp. Directivas,2017 - 08,No
72131.0,Psicoped. Escolar,2019 - 01,Si
47184.0,Comp. Directivas,2017 - 04,No
69189.0,Diagn. Psicoped.,2018 - 08,No
87227.0,Fin. Corp. Avan.,2019 - 07,No
87691.0,Alim. Y Nut. Salud,2019 - 08,Si
85820.0,Adm. Salud,2019 - 07,Si
77835.0,Est. Temprana,2019 - 04,Si
86828.0,Precios Transf.,2019 - 07,No
80070.0,Calidad Educativa,2019 - 05,No
84670.0,Edu. Primaria,2019 - 07,No
89264.0,Est. Temprana,2019 - 08,No
85912.0,Est. Temprana,2019 - 07,Si
85597.0,Alim. Y Nut. Salud,2019 - 07,No
78546.0,Mercadotecnia,2019 - 04,Si
75763.0,Educacion,2019 - 03,No
90580.0,E. Lectoescritura,2019 - 08,Si
89118.0,Dere. Sanitario,2019 - 08,No
89197.0,Big Data,2019 - 08,No
85688.0,Psicopat. Adol.,2019 - 07,No
87727.0,Est. Temprana,2019 - 08,No
82922.0,Programacion de Apps,2019 - 06,No
64341.0,Mercadotecnia,2018 - 07,No
84519.0,Programacion de Apps,2019 - 07,No
68847.0,Lider. Inst. Edu.,2018 - 08,No
84146.0,Est. Temprana,2019 - 06,No
63740.0,Educacion,2018 - 05,Si
83212.0,E-Commerce,2019 - 06,No
80916.0,Design Think,2019 - 05,No
71628.0,Hab. Geren.,2019 - 01,Si
84286.0,Educacion,2019 - 06,Si
79580.0,Big Data,2019 - 05,Si
84239.0,Adm. Emp.,2019 - 06,No
73608.0,Estrat. Comercial,2019 - 02,No
69757.0,Des. Cap. Hum.,2018 - 08,No
70985.0,Neuromarketing,2019 - 01,No
72202.0,Psicoped. Escolar,2019 - 01,Si
70866.0,Des. Cap. Hum.,2019 - 01,Si
82839.0,Diagn. Psicoped.,2019 - 06,No
53424.0,Educacion,2017 - 07,Si
87115.0,Adm. Emp.,2019 - 07,No
72096.0,Educacion,2019 - 01,No
74283.0,Admon Fin.,2019 - 02,No
78121.0,Bien. Salud y Calidad,2019 - 04,Si
65671.0,Direc. Proy.,2018 - 06,No
80576.0,E. Lectoescritura,2019 - 05,No
81693.0,Alim. Y Nut. Salud,2019 - 06,Si
80396.0,Big Data,2019 - 05,Si
69919.0,Lider. Inst. Edu.,2018 - 08,Si
82561.0,Interv. Edu.,2019 - 06,Si
90804.0,Mercadotecnia,2019 - 08,No
85657.0,Adm. Emp.,2019 - 07,No
78690.0,Alim. Y Nut. Salud,2019 - 04,No
80589.0,Educacion,2019 - 05,Si
85683.0,Alim. Y Nut. Salud,2019 - 07,No
53658.0,Educacion,2017 - 07,No
70791.0,Big Data,2019 - 01,Si
69045.0,Neuromarketing,2018 - 08,Si
69369.0,Educacion,2018 - 08,Si
78578.0,Alim. Y Nut. Salud,2019 - 04,Si
79266.0,Alim. Y Nut. Salud,2019 - 05,No
78710.0,Mercadotecnia,2019 - 04,Si
69175.0,Lider. Inst. Edu.,2019 - 06,No
78634.0,Alim. Y Nut. Salud,2019 - 04,Si
67617.0,Direc. Proy.,2018 - 07,No
80979.0,E. Lectoescritura,2019 - 05,No
65210.0,Educacion,2018 - 06,No
85843.0,Coaching Edu.,2019 - 07,No
71620.0,Interv. Psicoped,2019 - 01,No
89524.0,Crianza Hijos,2019 - 08,Si
47088.0,Educacion,2017 - 04,Si
75068.0,Educacion,2019 - 03,Si
52738.0,Inn. Tec. Edu.,2017 - 07,Si
86654.0,Alim. Y Nut. Salud,2019 - 07,No
82014.0,P. Aux. Psic.,2019 - 06,Si
87416.0,Comp. Directivas,2019 - 07,No
80317.0,Edu. Preescolar,2019 - 05,Si
83242.0,Alim. Y Nut. Salud,2019 - 06,No
90829.0,Programacion de Apps,2019 - 08,No
71911.0,Ventas Estrat.,2019 - 02,Si
69781.0,Fin. Corp. Avan.,2018 - 08,No
83620.0,E. Lectoescritura,2019 - 06,Si
82915.0,Mercadotecnia,2019 - 06,No
78029.0,Hab. Geren.,2019 - 04,Si
78452.0,Crianza Hijos,2019 - 04,No
83140.0,Coaching de Vida,2019 - 06,Si
89493.0,Alim. Y Nut. Salud,2019 - 08,Si
71459.0,Planeacion Estrat.,2019 - 01,Si
72628.0,Big Data,2019 - 02,Si
74642.0,Big Data,2019 - 03,No
58033.0,Educacion,2018 - 02,Si
83251.0,Est. Temprana,2019 - 06,No
84743.0,Inc. Edu.,2019 - 07,Si
86857.0,Prot. Datos. P,2019 - 08,Si
91330.0,I. A.,2019 - 08,Si
58418.0,Educacion,2018 - 02,No
77582.0,Inn. Tec. Edu.,2019 - 04,Si
80928.0,Edu. Preescolar,2019 - 05,No
86914.0,Hist. Arte. Ant.,2019 - 07,No
82696.0,Alim. Y Nut. Salud,2019 - 06,No
82564.0,Estrat. Comercial,2019 - 07,Si
57235.0,Gest. Esc.,2018 - 02,Si
88140.0,Direc. Proy.,2019 - 08,Si
79872.0,Alim. Y Nut. Salud,2019 - 05,No
67228.0,Hab. Geren.,2018 - 07,Si
85400.0,Adm. Salud,2019 - 07,Si
71240.0,Inn. Negocios,2019 - 01,Si
64057.0,Intro. Fin,2018 - 05,No
86640.0,Programacion de Apps,2019 - 07,No
80794.0,Alim. Y Nut. Salud,2019 - 05,Si
70086.0,Planeacion Estrat.,2019 - 01,Si
66946.0,Hab. Geren.,2018 - 07,Si
82694.0,Prog. Neuroling.,2019 - 06,No
83867.0,Alim. Y Nut. Salud,2019 - 06,Si
61138.0,Planeacion Estrat.,2018 - 04,No
89652.0,Calidad Educativa,2019 - 08,No
83712.0,Edu. Preescolar,2019 - 06,No
80724.0,E. Lectoescritura,2019 - 05,No
79121.0,Prof. Deportiva.,2019 - 05,No
77049.0,Mkt. Digital,2019 - 04,Si
81411.0,Calidad Educativa,2019 - 05,Si
78346.0,Coaching de Vida,2019 - 04,Si
82489.0,E. Lectoescritura,2019 - 06,No
80661.0,Edu. Primaria,2019 - 05,Si
81222.0,Interv. Psicoped,2019 - 05,Si
49863.0,Intro. Fin,2017 - 04,Si
84437.0,Alim. Y Nut. Salud,2019 - 06,Si
79065.0,Alim. Y Nut. Salud,2019 - 05,No
69752.0,Comp. Dig. Docentes,2019 - 01,Si
74833.0,Psicoped. Escolar,2019 - 03,Si
90117.0,Prot. Datos. P,2019 - 08,No
74341.0,Direc. Proy.,2019 - 03,Si
71995.0,Inn. Negocios,2019 - 01,Si
87138.0,Adm. Salud,2019 - 07,No
86216.0,Alim. Y Nut. Salud,2019 - 07,Si
76942.0,Coaching de Vida,2019 - 04,No
58511.0,Direc. Proy.,2018 - 02,Si
91172.0,Planeacion Estrat.,2019 - 08,Si
84565.0,Prog. Neuroling.,2019 - 07,No
79168.0,Fin. Corp. Avan.,2019 - 05,Si
81433.0,Neuromarketing,2019 - 06,Si
61369.0,Interv. Psicoped,2018 - 08,Si
83041.0,Hab. Geren.,2019 - 06,Si
86742.0,Prog. Neuroling.,2019 - 07,Si
78322.0,Est. Temprana,2019 - 04,Si
78418.0,Direc. Proy.,2019 - 04,No
67628.0,Mercadotecnia,2018 - 07,No
80260.0,Edu. Preescolar,2019 - 05,Si
87083.0,Ciberseguridad,2019 - 07,Si
89648.0,Programacion de Apps,2019 - 08,No
57896.0,Educacion,2018 - 02,No
86759.0,Est. Temprana,2019 - 07,No
85997.0,Trastornos Alimen.,2019 - 07,Si
54841.0,Hab. Geren.,2017 - 08,Si
68632.0,Gest. Tal.,2019 - 01,No
50953.0,Educacion,2017 - 05,No
89021.0,Est. Prac. Edu.,2019 - 08,Si
78572.0,Coaching de Vida,2019 - 04,No
82948.0,Direc. Proy.,2019 - 06,No
87798.0,E. Lectoescritura,2019 - 08,Si
85089.0,B. I.,2019 - 07,No
87858.0,E-Commerce,2019 - 08,Si
76986.0,B. I.,2019 - 04,Si
51108.0,Comp. Directivas,2017 - 05,Si
86750.0,E. Lectoescritura,2019 - 07,No
87697.0,Inc. Edu.,2019 - 08,Si
79411.0,Admon Fin.,2019 - 05,Si
68714.0,Psicoped. Escolar,2018 - 08,Si
82294.0,Neuromarketing,2019 - 06,Si
80165.0,Alim. Y Nut. Salud,2019 - 05,Si
68865.0,Hab. Geren.,2018 - 08,Si
83016.0,E. Lectoescritura,2019 - 06,No
84375.0,Obesidad. Inf.,2019 - 06,No
86375.0,Coaching de Vida,2019 - 07,No
65596.0,Direc. Proy.,2018 - 06,No
50885.0,Hab. Geren.,2017 - 05,Si
64629.0,Lider. Inst. Edu.,2018 - 05,Si
72196.0,Intro. Fin,2019 - 01,Si
87772.0,Coaching de Vida,2019 - 08,No
63604.0,Direc. Proy.,2018 - 05,No
81587.0,B. I.,2019 - 06,Si
88706.0,Alim. Y Nut. Salud,2019 - 08,No
82792.0,B. I.,2019 - 06,Si
78767.0,Estrategia Tal. Hum.,2019 - 04,Si
72365.0,Lider. Inst. Edu.,2019 - 02,Si
56924.0,Lider. Inst. Edu.,2018 - 01,Si
60634.0,Gest. Tal.,2018 - 03,Si
52911.0,Hab. Geren.,2017 - 07,Si
87082.0,Bus. Analytics,2019 - 07,No
74288.0,Admon Fin.,2019 - 02,Si
89272.0,Dere. Sanitario,2019 - 08,No
77117.0,Estrategia Tal. Hum.,2019 - 04,No
75331.0,Hab. Geren.,2019 - 05,No
82020.0,Crianza Hijos,2019 - 06,No
87047.0,Planeacion Estrat.,2019 - 07,No
71563.0,Interv. Psicoped,2019 - 01,Si
77710.0,Est. Temprana,2019 - 04,Si
72104.0,Direc. Proy.,2019 - 01,No
54404.0,Comp. Directivas,2017 - 08,Si
77704.0,Inn. Diseno Edu.,2019 - 04,Si
86102.0,Mkt. Digital,2019 - 07,Si
80851.0,Fin. Corp. Avan.,2019 - 05,No
88501.0,Coaching de Vida,2019 - 08,No
75686.0,Lider. Inst. Edu.,2019 - 03,Si
74693.0,Direc. Proy.,2019 - 03,No
85494.0,Big Data,2019 - 07,Si
65227.0,Direc. Proy.,2018 - 06,Si
89745.0,Crianza Hijos,2019 - 08,Si
71959.0,Big Data,2019 - 01,Si
74208.0,Psicoped. Escolar,2019 - 02,Si
57694.0,Direc. Proy.,2018 - 02,Si
69778.0,Fin. Corp. Avan.,2018 - 08,Si
80172.0,Coaching de Vida,2019 - 05,Si
89795.0,Admon Fin.,2019 - 08,Si
47319.0,Gest. Esc.,2017 - 04,No
78676.0,Alim. Y Nut. Salud,2019 - 04,Si
83800.0,Marca Personal,2019 - 06,Si
81099.0,Est. Temprana,2019 - 05,Si
83572.0,Direc. Proy.,2019 - 07,No
79051.0,Programacion de Apps,2019 - 05,Si
90799.0,Adm. Salud,2019 - 08,No
68652.0,Lider. Inst. Edu.,2018 - 08,Si
85653.0,Mkt. Digital,2019 - 08,No
88239.0,Diagn. Psicoped.,2019 - 08,Si
91143.0,Hab. Geren.,2019 - 08,Si
85695.0,E. Lectoescritura,2019 - 07,No
73971.0,Ventas Estrat.,2019 - 02,Si
83135.0,Adm. Emp.,2019 - 06,Si
52839.0,Inn. Tec. Edu.,2017 - 07,Si
75034.0,Bien. Salud y Calidad,2019 - 03,No
66436.0,Educacion,2018 - 07,Si
88741.0,Est. Temprana,2019 - 08,Si
55821.0,Lider. Inst. Edu.,2018 - 01,No
83209.0,Edu. Preescolar,2019 - 06,No
85315.0,Alim. Y Nut. Salud,2019 - 07,No
57197.0,Comp. Dig. Docentes,2018 - 02,No
80569.0,Prof. Deportiva.,2019 - 05,No
79331.0,Edu. Preescolar,2019 - 05,Si
78239.0,Coaching de Vida,2019 - 04,No
69996.0,Planeacion Estrat.,2019 - 01,Si
56127.0,Direc. Proy.,2018 - 01,Si
88330.0,P. Aux. Psic.,2019 - 08,No
69795.0,Big Data,2018 - 08,Si
78785.0,Admon Fin.,2019 - 04,No
78616.0,Ventas Estrat.,2019 - 04,No
87198.0,Direc. Estrat. Neg,2019 - 07,Si
81156.0,Alim. Y Nut. Salud,2019 - 05,No
75357.0,Big Data,2019 - 03,No
64037.0,Educacion,2018 - 05,No
83124.0,Alim. Y Nut. Salud,2019 - 07,No
85870.0,Bien. Salud y Calidad,2019 - 07,No
81418.0,Interv. Psicoped,2019 - 05,Si
71754.0,Inn. Tec. Edu.,2019 - 01,No
81763.0,Inc. Edu.,2019 - 06,Si
82705.0,Adm. Salud,2019 - 06,Si
84646.0,Alim. Y Nut. Salud,2019 - 07,No
58005.0,Direc. Proy.,2018 - 02,Si
62934.0,Direc. Proy.,2018 - 04,Si
89292.0,Est. Temprana,2019 - 08,No
78531.0,Hab. Geren.,2019 - 04,Si
68529.0,Inn. Tec. Edu.,2018 - 08,Si
71923.0,Educacion,2019 - 01,Si
54854.0,Direc. Proy.,2018 - 01,Si
78284.0,Alim. Y Nut. Salud,2019 - 05,No
82939.0,Educacion,2019 - 06,No
53519.0,Direc. Proy.,2017 - 07,Si
89250.0,Prin. Fiscales,2019 - 08,No
82638.0,Alim. Y Nut. Salud,2019 - 06,No
58403.0,Planeacion Estrat.,2018 - 02,Si
78327.0,Neuromarketing,2019 - 04,No
83491.0,Comp. Directivas,2019 - 06,Si
78153.0,Educacion,2019 - 04,Si
83478.0,B. I.,2019 - 06,Si
81229.0,Admon Fin.,2019 - 05,No
86532.0,Com. Corp.,2019 - 07,Si
67452.0,Educacion,2018 - 07,Si
85691.0,Est. Prac. Edu.,2019 - 07,Si
80439.0,Alim. Y Nut. Salud,2019 - 05,No
90445.0,Oren. Edu. Fam,2019 - 08,No
76349.0,Alim. Y Nut. Salud,2019 - 03,No
76553.0,Inn. Diseno Edu.,2019 - 03,Si
87016.0,Coaching Edu.,2019 - 08,No
77649.0,Mkt. Farmaceutico A.,2019 - 04,Si
83877.0,Est. Temprana,2019 - 06,Si
65825.0,Ventas Estrat.,2018 - 07,Si
66818.0,Gest. Tal.,2018 - 07,Si
81589.0,Prin. Fiscales,2019 - 06,No
66042.0,Educacion,2018 - 06,No
80736.0,E. Lectoescritura,2019 - 05,No
65276.0,Planeacion Estrat.,2018 - 06,No
89309.0,Est. Temprana,2019 - 08,No
82572.0,Edu. Preescolar,2019 - 06,No
55796.0,Hab. Geren.,2018 - 01,Si
85913.0,Des. Neg. y Empren.,2019 - 07,No
50664.0,Planeacion Estrat.,2017 - 05,Si
78308.0,Planeacion Estrat.,2019 - 04,Si
83051.0,Desarrollo Mot.,2019 - 06,No
71039.0,Direc. Proy.,2019 - 01,No
54674.0,Comp. Directivas,2017 - 08,Si
79251.0,Est. Temprana,2019 - 05,Si
87567.0,Est. Temprana,2019 - 08,Si
74275.0,Alim. Y Nut. Salud,2019 - 02,Si
80232.0,Alim. Y Nut. Salud,2019 - 05,No
69430.0,Ventas Estrat.,2018 - 08,Si
85493.0,Big Data,2019 - 07,Si
69230.0,Admon Fin.,2018 - 08,No
67681.0,Direc. Proy.,2018 - 07,No
78813.0,Est. Temprana,2019 - 04,Si
80467.0,Admon Fin.,2019 - 05,No
51713.0,Mercadotecnia,2017 - 06,Si
75705.0,Alim. Y Nut. Salud,2019 - 03,No
69042.0,Intro. Fin,2018 - 08,No
73671.0,Ventas Estrat.,2019 - 02,Si
72351.0,Ventas Estrat.,2019 - 01,No
53325.0,Mercadotecnia,2017 - 07,No
79289.0,Direc. Emp. Fam.,2019 - 06,Si
80581.0,Big Data,2019 - 05,Si
47746.0,Planeacion Estrat.,2017 - 04,No
87566.0,Coaching de Vida,2019 - 08,No
90912.0,Prof. Deportiva.,2019 - 08,No
50878.0,Educacion,2017 - 05,No
81337.0,Alim. Y Nut. Salud,2019 - 05,No
90819.0,Coaching de Vida,2019 - 08,No
77181.0,Est. Temprana,2019 - 04,Si
83609.0,Des. Neg. y Empren.,2019 - 06,Si
72128.0,Educacion,2019 - 01,Si
74441.0,Ventas Estrat.,2019 - 03,No
83415.0,Inc. Edu.,2019 - 06,Si
91146.0,Hab. Geren.,2019 - 08,No
78294.0,Alim. Y Nut. Salud,2019 - 04,No
81850.0,Alim. Y Nut. Salud,2019 - 06,Si
79582.0,Alim. Y Nut. Salud,2019 - 05,No
87459.0,Mkt. Digital,2019 - 08,No
76517.0,Comp. Dig. Docentes,2019 - 03,Si
80757.0,Alim. Y Nut. Salud,2019 - 05,Si
80027.0,E. Lectoescritura,2019 - 05,No
88388.0,Mkt. Farmaceutico,2019 - 08,Si
53437.0,Lider. Inst. Edu.,2017 - 07,Si
81235.0,B. I.,2019 - 06,No
89280.0,Mkt. Digital,2019 - 08,Si
86227.0,Prin. Fiscales,2019 - 07,No
82207.0,B. I.,2019 - 06,No
51991.0,Planeacion Estrat.,2017 - 06,Si
86226.0,E. Lectoescritura,2019 - 07,Si
50352.0,Mercadotecnia,2017 - 05,No
86680.0,Comp. Doc. S XXI,2019 - 07,No
88478.0,Estrat. Comercial,2019 - 08,Si
75003.0,Prof. Deportiva.,2019 - 03,Si
82048.0,Bien. Salud y Calidad,2019 - 06,No
76564.0,Comp. Dig. Docentes,2019 - 03,Si
78247.0,Educacion,2019 - 04,No
81736.0,Admon Fin.,2019 - 06,Si
60826.0,Planeacion Estrat.,2018 - 04,No
85159.0,Blockchain,2019 - 07,No
84631.0,Hab. Geren.,2019 - 07,Si
71162.0,Admon Fin.,2019 - 01,Si
76819.0,Big Data,2019 - 04,No
76355.0,Psicoped. Escolar,2019 - 03,Si
60934.0,Mercadotecnia,2018 - 03,Si
76922.0,Crianza Hijos,2019 - 04,Si
80387.0,Direc. Proy.,2019 - 05,No
70518.0,Neuromarketing,2019 - 01,No
47285.0,Direc. Proy.,2017 - 05,No
91269.0,Comp. Directivas,2019 - 08,No
66048.0,Direc. Proy.,2018 - 06,Si
74930.0,Mercadotecnia,2019 - 03,Si
82810.0,Edu. Primaria,2019 - 06,Si
86223.0,Alim. Y Nut. Salud,2019 - 07,Si
78904.0,Est. Temprana,2019 - 04,Si
74508.0,Fin. Corp. Avan.,2019 - 02,No
87339.0,Fin. Corp. Avan.,2019 - 07,No
90945.0,Inn. Diseno Edu.,2019 - 08,Si
67791.0,Educacion,2018 - 07,Si
90576.0,Eco. Digital,2019 - 08,Si
86838.0,Alim. Y Nut. Salud,2019 - 07,No
80603.0,Big Data en Edu,2019 - 05,No
74350.0,Intro. Fin,2019 - 02,No
64576.0,Intro. Fin,2018 - 06,No
84283.0,Hab. Geren.,2019 - 06,No
74163.0,Prof. Deportiva.,2019 - 02,Si
71608.0,Comp. Directivas,2019 - 01,Si
75380.0,Prof. Deportiva.,2019 - 03,No
86724.0,Mkt. Farmaceutico A.,2019 - 07,Si
76202.0,Hab. Geren.,2019 - 03,No
82629.0,Adm. Emp.,2019 - 06,Si
50663.0,Educacion,2017 - 06,No
80008.0,Adm. Salud,2019 - 05,Si
78241.0,Admon Fin.,2019 - 04,No
53385.0,Comp. Directivas,2017 - 07,Si
87329.0,Des. Cap. Hum.,2019 - 08,Si
75860.0,E-Commerce,2019 - 03,Si
61809.0,Hab. Geren.,2019 - 07,No
91014.0,Adm. Salud,2019 - 08,Si
81389.0,Fin. Corp. Avan.,2019 - 05,No
54827.0,Hab. Geren.,2017 - 08,No
88331.0,Est. Temprana,2019 - 08,Si
80420.0,Alim. Y Nut. Salud,2019 - 05,No
85996.0,Des. Neg. y Empren.,2019 - 07,No
88526.0,Mkt. Farmaceutico,2019 - 08,Si
80913.0,E. Lectoescritura,2019 - 05,No
57081.0,Gest. Tal.,2018 - 02,Si
79798.0,Mkt. Digital,2019 - 05,No
73646.0,Big Data,2019 - 03,Si
64360.0,Comp. Dig. Docentes,2018 - 05,No
78555.0,Design Think,2019 - 04,Si
90902.0,Adm. Salud,2019 - 08,Si
78613.0,Direc. Proy.,2019 - 04,Si
84156.0,Fin. Corp. Avan.,2019 - 06,Si
84000.0,Edu. Preescolar,2019 - 06,Si
78529.0,Mkt. Farmaceutico,2019 - 04,No
78218.0,B. I.,2019 - 05,Si
69845.0,Comp. Directivas,2018 - 08,Si
76329.0,Alim. Y Nut. Salud,2019 - 03,No
73020.0,Intro. Fin,2019 - 02,Si
78219.0,B. I.,2019 - 05,Si
46180.0,Mercadotecnia,2017 - 03,No
87994.0,Mkt. Digital,2019 - 08,Si
64209.0,Educacion,2018 - 05,No
78356.0,Intro. Fin,2019 - 05,No
58187.0,Direc. Proy.,2018 - 02,No
75353.0,Inn. Negocios,2019 - 03,No
78695.0,Fin. Corp. Avan.,2019 - 04,No
82194.0,Obesidad. Inf.,2019 - 06,Si
77539.0,Alim. Y Nut. Salud,2019 - 04,No
78622.0,Design Think,2019 - 04,No
69142.0,Mercadotecnia,2018 - 08,No
81683.0,Psicopat. Adol.,2019 - 06,Si
85064.0,Programacion de Apps,2019 - 07,No
65197.0,Educacion,2018 - 06,Si
75548.0,Bien. Salud y Calidad,2019 - 04,No
87506.0,Trastornos Alimen.,2019 - 07,Si
53081.0,Mercadotecnia,2017 - 07,Si
77644.0,Mkt. Digital,2019 - 04,No
74169.0,Big Data,2019 - 02,Si
75478.0,Prof. Deportiva.,2019 - 03,Si
59585.0,Lider. Inst. Edu.,2018 - 03,Si
77692.0,Alim. Y Nut. Salud,2019 - 04,No
85851.0,Gob. Adm. P. E.,2019 - 08,No
47170.0,Mercadotecnia,2018 - 07,Si
72208.0,Admon Fin.,2019 - 01,No
70715.0,Direc. Proy.,2019 - 01,Si
65990.0,Educacion,2018 - 06,Si
77404.0,Prof. Deportiva.,2019 - 04,No
77964.0,Alim. Y Nut. Salud,2019 - 04,Si
90223.0,Prof. Deportiva.,2019 - 08,Si
72063.0,Direc. Estrat. Neg,2019 - 01,No
81823.0,Trastornos Alimen.,2019 - 06,Si
74197.0,Estrategia Tal. Hum.,2019 - 02,No
80730.0,E. Lectoescritura,2019 - 05,Si
79152.0,B. I.,2019 - 05,Si
84244.0,Trastornos Alimen.,2019 - 06,Si
82533.0,Prin. Fiscales,2019 - 06,No
91023.0,Edu. Preescolar,2019 - 08,No
54560.0,Gest. Esc.,2017 - 08,No
91004.0,Alim. Y Nut. Salud,2019 - 08,Si
54782.0,Gest. Esc.,2017 - 08,No
64081.0,Mercadotecnia,2018 - 05,No
53728.0,Comp. Directivas,2017 - 07,Si
83287.0,Big Data,2019 - 06,No
72270.0,Lider. Inst. Edu.,2019 - 01,Si
78229.0,Ventas Estrat.,2019 - 04,No
63200.0,Direc. Proy.,2018 - 05,No
88795.0,Des. Neg. y Empren.,2019 - 08,Si
89751.0,Est. Temprana,2019 - 08,Si
74773.0,Alim. Y Nut. Salud,2019 - 03,No
91162.0,Hab. Geren.,2019 - 08,No
87883.0,Alim. Y Nut. Salud,2019 - 08,Si
47856.0,Gest. Tal.,2017 - 05,Si
83400.0,Alim. Y Nut. Salud,2019 - 06,No
63690.0,Lider. Inst. Edu.,2018 - 05,Si
76356.0,B. I.,2019 - 03,Si
87229.0,Psicopat. Adol.,2019 - 07,Si
77108.0,Neuromarketing,2019 - 04,No
82203.0,Direc. Proy.,2019 - 06,Si
74945.0,Educacion,2019 - 03,Si
66911.0,Gest. Tal.,2018 - 07,Si
91161.0,Hab. Geren.,2019 - 08,No
68838.0,Diagn. Psicoped.,2018 - 08,Si
83420.0,Prin. Fiscales,2019 - 06,No
84041.0,Alim. Y Nut. Salud,2019 - 06,No
82221.0,P. Aux. Psic.,2019 - 06,No
50581.0,Mercadotecnia,2017 - 06,No
83524.0,Desarrollo Mot.,2019 - 06,Si
72200.0,Educacion,2019 - 01,No
85062.0,Comp. Doc. S XXI,2019 - 07,Si
83998.0,Est. Temprana,2019 - 06,Si
77652.0,Hab. Geren.,2019 - 04,No
76441.0,Direc. Estrat. Neg,2019 - 03,No
70231.0,Inn. Negocios,2019 - 01,Si
86005.0,Direc. Proy.,2019 - 07,Si
57466.0,Educacion,2018 - 02,Si
85399.0,Alim. Y Nut. Salud,2019 - 07,No
71965.0,Direc. Proy.,2019 - 01,No
76342.0,Direc. Proy.,2019 - 03,Si
85737.0,Edu. Preescolar,2019 - 08,Si
83981.0,E. Lectoescritura,2019 - 06,Si
84750.0,Ciberseguridad,2019 - 07,Si
75774.0,Inn. Negocios,2019 - 03,Si
80033.0,Big Data,2019 - 05,No
75876.0,Calidad Educativa,2019 - 03,Si
81459.0,Inv. Mercados,2019 - 05,No
46324.0,Direc. Proy.,2017 - 03,Si
72103.0,Intro. Fin,2019 - 01,No
47161.0,Mercadotecnia,2018 - 03,Si
81363.0,Gest. Esc.,2019 - 05,Si
86056.0,Intro. Fin,2019 - 07,Si
89041.0,Des. Neg. y Empren.,2019 - 08,Si
81368.0,Calidad Educativa,2019 - 05,Si
82357.0,Educacion,2019 - 06,No
88150.0,Dere. Sanitario,2019 - 08,No
88344.0,E. Lectoescritura,2019 - 08,Si
76926.0,Diagn. Psicoped.,2019 - 04,No
83706.0,Est. Temprana,2019 - 06,Si
79932.0,Programacion de Apps,2019 - 05,No
74187.0,Alim. Y Nut. Salud,2019 - 02,Si
87730.0,Alim. Y Nut. Salud,2019 - 08,No
78282.0,Direc. Emp. Fam.,2019 - 04,No
76153.0,Des. Neg. y Empren.,2019 - 03,Si
75727.0,Big Data,2019 - 03,No
78417.0,Ventas Estrat.,2019 - 04,No
65508.0,Direc. Proy.,2018 - 06,No
78556.0,Crianza Hijos,2019 - 04,No
52643.0,Educacion,2017 - 06,Si
86528.0,Educacion,2019 - 07,No
82323.0,Trastornos Alimen.,2019 - 06,Si
86762.0,Gest. Esc.,2019 - 07,No
83423.0,Trastornos Alimen.,2019 - 06,No
87064.0,Adm. Salud,2019 - 07,No
79206.0,Alim. Y Nut. Salud,2019 - 05,Si
53208.0,Direc. Proy.,2017 - 07,Si
61838.0,Direc. Proy.,2018 - 04,Si
86874.0,Trastornos Alimen.,2019 - 07,No
86872.0,Est. Temprana,2019 - 07,No
87343.0,Direc. Estrat. Neg,2019 - 07,No
79070.0,Com. Corp.,2019 - 05,Si
78245.0,Crianza Hijos,2019 - 04,Si
64485.0,Hab. Geren.,2018 - 05,No
76585.0,Lider. Inst. Edu.,2019 - 03,Si
77834.0,Direc. Proy.,2019 - 04,Si
80859.0,Prof. Deportiva.,2019 - 05,No
87346.0,Intro. Fin,2019 - 07,No
85672.0,Design Think,2019 - 07,Si
75296.0,Psicoped. Escolar,2019 - 03,No
80367.0,Alim. Y Nut. Salud,2019 - 05,Si
82086.0,Prin. Fiscales,2019 - 06,No
87239.0,Com. Corp.,2019 - 07,No
52893.0,Educacion,2017 - 07,Si
46599.0,Direc. Proy.,2017 - 03,Si
71775.0,Estrat. Comercial,2019 - 01,Si
89676.0,Direc. Estrat. Neg,2019 - 08,No
86327.0,Adm. Riesgos,2019 - 07,No
58462.0,Gest. Tal.,2018 - 02,Si
78542.0,Crianza Hijos,2019 - 04,Si
67894.0,Gest. Esc.,2018 - 07,No
79414.0,Mkt. Digital,2019 - 05,Si
91150.0,Hab. Geren.,2019 - 08,No
55785.0,Hab. Geren.,2018 - 01,Si
54322.0,Direc. Proy.,2018 - 01,No
79787.0,Com. Corp.,2019 - 05,No
75632.0,Mkt. Digital,2019 - 03,No
88177.0,Com. Corp.,2019 - 08,No
51977.0,Mercadotecnia,2018 - 04,Si
88594.0,Est. Temprana,2019 - 08,Si
52971.0,Intro. Fin,2017 - 07,No
87867.0,Alim. Y Nut. Salud,2019 - 08,No
73934.0,Prof. Deportiva.,2019 - 02,No
75952.0,Psicoped. Escolar,2019 - 03,Si
56246.0,Mercadotecnia,2018 - 01,Si
58406.0,Gest. Tal.,2018 - 02,Si
83699.0,Alim. Y Nut. Salud,2019 - 06,Si
81031.0,Prof. Deportiva.,2019 - 05,No
85250.0,Psicopat. Adol.,2019 - 07,No
81026.0,E. Lectoescritura,2019 - 05,No
67859.0,Gest. Esc.,2018 - 07,No
76449.0,Inn. Diseno Edu.,2019 - 03,Si
87767.0,Alim. Y Nut. Salud,2019 - 08,Si
72322.0,Educacion,2019 - 02,No
77714.0,Alim. Y Nut. Salud,2019 - 04,Si
77670.0,E. Lectoescritura,2019 - 04,Si
83136.0,B. I.,2019 - 06,Si
67590.0,Gest. Esc.,2018 - 07,Si
91156.0,Prin. Fiscales,2019 - 08,No
77432.0,Hab. Geren.,2019 - 04,Si
81661.0,Alim. Y Nut. Salud,2019 - 06,Si
78651.0,Cloud Computing,2019 - 04,Si
85855.0,Bien. Salud y Calidad,2019 - 07,Si
77452.0,Ventas Estrat.,2019 - 04,No
81415.0,Adm. Salud,2019 - 05,No
78184.0,Mkt. Digital,2019 - 04,Si
85662.0,Desarrollo Mot.,2019 - 07,Si
72150.0,Planeacion Estrat.,2019 - 01,Si
91171.0,Hab. Geren.,2019 - 08,No
52649.0,Intro. Fin,2017 - 06,No
79779.0,Psicoped. Escolar,2019 - 05,Si
87304.0,Est. Temprana,2019 - 07,Si
53046.0,Hab. Geren.,2017 - 07,No
87080.0,Lit. Lat. S. XX,2019 - 07,No
88049.0,Hist. Arte. Medieval,2019 - 08,Si
84644.0,Des. Cap. Hum.,2019 - 07,Si
87646.0,Est. Temprana,2019 - 08,Si
75981.0,Alim. Y Nut. Salud,2019 - 03,Si
84517.0,Prof. Deportiva.,2019 - 07,No
76562.0,Comp. Dig. Docentes,2019 - 03,Si
87868.0,Est. Temprana,2019 - 08,No
74146.0,Big Data,2019 - 02,No
79160.0,Alim. Y Nut. Salud,2019 - 05,Si
70532.0,Planeacion Estrat.,2019 - 01,Si
78812.0,Bien. Salud y Calidad,2019 - 04,No
79510.0,Lider. Inst. Edu.,2019 - 08,Si
85655.0,Mkt. Digital,2019 - 07,No
47119.0,Direc. Proy.,2017 - 04,Si
76748.0,Inn. Diseno Edu.,2019 - 04,No
83286.0,E. Lectoescritura,2019 - 06,No
71321.0,Big Data,2019 - 01,No
87698.0,Edu. Preescolar,2019 - 08,Si
77370.0,Hab. Geren.,2019 - 04,Si
83285.0,E. Lectoescritura,2019 - 06,Si
75462.0,Educacion,2019 - 03,Si
81344.0,Coaching de Vida,2019 - 05,No
64859.0,Comp. Directivas,2018 - 06,Si
69094.0,Direc. Estrat. Neg,2018 - 08,No
72835.0,Big Data,2019 - 02,Si
82758.0,Est. Temprana,2019 - 06,No
87729.0,Est. Temprana,2019 - 08,Si
76354.0,Des. Neg. y Empren.,2019 - 03,No
74560.0,Des. Cap. Hum.,2019 - 03,No
81013.0,Mkt. Digital,2019 - 05,Si
53422.0,Planeacion Estrat.,2017 - 07,Si
76801.0,Alim. Y Nut. Salud,2019 - 04,Si
88179.0,Est. Temprana,2019 - 08,Si
74219.0,Alim. Y Nut. Salud,2019 - 02,No
60210.0,Hab. Geren.,2018 - 03,Si
76576.0,Interv. Psicoped,2019 - 03,Si
78253.0,Direc. Emp. Fam.,2019 - 04,No
84518.0,Alim. Y Nut. Salud,2019 - 07,Si
78845.0,Educacion,2019 - 04,Si
78539.0,Alim. Y Nut. Salud,2019 - 04,No
59494.0,Mercadotecnia,2018 - 03,No
83495.0,Direc. Estrat. Neg,2019 - 06,Si
76541.0,Alim. Y Nut. Salud,2019 - 05,No
74548.0,P. Aux. Psic.,2019 - 08,No
74627.0,Estrat. Comercial,2019 - 03,No
79493.0,Direc. Emp. Fam.,2019 - 05,No
61461.0,Planeacion Estrat.,2018 - 04,No
53495.0,Intro. Fin,2017 - 07,No
74268.0,Direc. Estrat. Neg,2019 - 02,No
90312.0,Mkt. Farmaceutico A.,2019 - 08,Si
76680.0,Est. Temprana,2019 - 04,No
91346.0,Psicopat. Adol.,2019 - 08,No
80328.0,Psicoped. Escolar,2019 - 05,Si
61157.0,Educacion,2018 - 06,No
50013.0,Planeacion Estrat.,2017 - 05,Si
73786.0,Big Data,2019 - 02,No
80512.0,Alim. Y Nut. Salud,2019 - 05,Si
83608.0,Prin. Fiscales,2019 - 06,No
87137.0,Trastornos Alimen.,2019 - 07,Si
76808.0,Educacion,2019 - 04,No
70707.0,Des. Cap. Hum.,2019 - 01,No
75650.0,Des. Neg. y Empren.,2019 - 03,No
69803.0,Estrategia Tal. Hum.,2018 - 08,Si
83709.0,Estrategia Tal. Hum.,2019 - 06,No
58186.0,Gest. Esc.,2018 - 02,Si
68782.0,Interv. Psicoped,2018 - 08,No
68634.0,Neuromarketing,2018 - 08,No
89053.0,Est. Temprana,2019 - 08,Si
85491.0,Gest. Tal.,2019 - 07,Si
88182.0,Psicoped. Escolar,2019 - 08,Si
85263.0,Edu. Primaria,2019 - 07,Si
53428.0,Educacion,2017 - 07,Si
83035.0,Psicoped. Escolar,2019 - 06,Si
89677.0,Big Data,2019 - 08,Si
83492.0,Neuromarketing,2019 - 06,No
91320.0,Adm. Emp.,2019 - 08,No
58076.0,Educacion,2018 - 02,Si
85763.0,Ventas Estrat.,2019 - 07,Si
74796.0,Des. Cap. Hum.,2019 - 03,Si
79359.0,Alim. Y Nut. Salud,2019 - 05,No
50306.0,Direc. Proy.,2017 - 05,Si
69898.0,Ventas Estrat.,2018 - 08,Si
86110.0,Edu. Preescolar,2019 - 07,No
80016.0,Edu. Preescolar,2019 - 05,Si
77812.0,Alim. Y Nut. Salud,2019 - 04,No
67403.0,Educacion,2018 - 07,No
81414.0,Gest. Esc.,2019 - 05,Si
64867.0,Educacion,2018 - 06,Si
91159.0,Planeacion Estrat.,2019 - 08,Si
80314.0,Alim. Y Nut. Salud,2019 - 05,No
75399.0,Alim. Y Nut. Salud,2019 - 03,Si
88695.0,Est. Temprana,2019 - 08,Si
89604.0,E-Commerce,2019 - 08,No
77272.0,Programacion de Apps,2019 - 06,No
70701.0,Ventas Estrat.,2019 - 01,No
84054.0,Ventas Estrat.,2019 - 07,No
81854.0,Calidad Educativa,2019 - 06,Si
90735.0,Adm. Emp.,2019 - 08,No
75505.0,Alim. Y Nut. Salud,2019 - 03,No
77773.0,Prof. Deportiva.,2019 - 04,No
61211.0,Hab. Geren.,2018 - 03,No
88252.0,Alim. Y Nut. Salud,2019 - 08,No
71945.0,Comp. Directivas,2019 - 01,No
84282.0,Educacion,2019 - 06,Si
72061.0,Big Data,2019 - 01,Si
80717.0,Ventas Estrat.,2019 - 05,Si
70319.0,Big Data,2019 - 01,Si
80323.0,Alim. Y Nut. Salud,2019 - 05,No
82501.0,Planeacion Estrat.,2019 - 06,No
50457.0,Lider. Inst. Edu.,2017 - 05,No
86299.0,Coaching de Vida,2019 - 07,No
86651.0,Mkt. Digital,2019 - 07,No
70284.0,Ventas Estrat.,2019 - 01,Si
79785.0,Alim. Y Nut. Salud,2019 - 05,No
84461.0,Desarrollo Mot.,2019 - 06,Si
53133.0,Direc. Proy.,2017 - 07,Si
77522.0,Alim. Y Nut. Salud,2019 - 04,Si
69864.0,Estrategia Tal. Hum.,2018 - 08,Si
63992.0,Lider. Inst. Edu.,2018 - 06,No
66258.0,Comp. Directivas,2018 - 06,No
91140.0,Hab. Geren.,2019 - 08,No
69754.0,Inn. Negocios,2019 - 01,No
84002.0,Prog. Neuroling.,2019 - 06,Si
56425.0,Educacion,2018 - 01,No
87719.0,Alim. Y Nut. Salud,2019 - 08,No
86947.0,Efect. Cap. Hum.,2019 - 07,Si
81092.0,Direc. Emp. Fam.,2019 - 05,No
85762.0,Adm. Salud,2019 - 07,Si
82615.0,Alim. Y Nut. Salud,2019 - 07,No
78013.0,Hab. Geren.,2019 - 04,No
86106.0,Adm. Riesgos,2019 - 07,Si
78086.0,Direc. Proy.,2019 - 04,Si
62500.0,Comp. Directivas,2018 - 04,Si
86673.0,Edu. Preescolar,2019 - 07,No
76699.0,Mkt. Digital,2019 - 04,No
86823.0,Alim. Y Nut. Salud,2019 - 07,No
84043.0,Est. Temprana,2019 - 06,Si
78017.0,Big Data,2019 - 04,Si
66205.0,Direc. Proy.,2018 - 06,Si
70855.0,Planeacion Estrat.,2019 - 01,No
80799.0,Estrategia Tal. Hum.,2019 - 07,Si
79335.0,Design Think,2019 - 05,Si
84667.0,Direc. Proy.,2019 - 07,Si
71029.0,Neuromarketing,2019 - 01,Si
71394.0,Ventas Estrat.,2019 - 01,No
84405.0,Psicopat. Adol.,2019 - 06,Si
72064.0,Admon Fin.,2019 - 01,No
91180.0,Est. Temprana,2019 - 08,Si
76902.0,B. I.,2019 - 04,No
76438.0,Alim. Y Nut. Salud,2019 - 04,No
81770.0,Calidad Educativa,2019 - 06,Si
87158.0,Interv. Psicoped,2019 - 07,Si
90504.0,Admon Fin.,2019 - 08,No
79203.0,Neuromarketing,2019 - 05,No
84077.0,Direc. Emp. Fam.,2019 - 06,No
66806.0,Lider. Inst. Edu.,2018 - 07,No
72332.0,Direc. Proy.,2019 - 02,Si
81218.0,E. Lectoescritura,2019 - 05,Si
84847.0,Mkt. Digital,2019 - 07,Si
74584.0,Planeacion Estrat.,2019 - 02,No
90211.0,Fin. Corp. Avan.,2019 - 08,No
88170.0,Adm. Salud,2019 - 08,Si
51625.0,Inn. Tec. Edu.,2017 - 06,No
77381.0,Coaching de Vida,2019 - 04,Si
74885.0,Comp. Directivas,2019 - 03,Si
83428.0,Alim. Y Nut. Salud,2019 - 06,Si
46665.0,Intro. Fin,2017 - 03,No
91318.0,Prot. Datos. P,2019 - 08,Si
75998.0,Inn. Tec. Edu.,2019 - 04,Si
77255.0,Direc. Estrat. Neg,2019 - 04,Si
81259.0,Edu. Preescolar,2019 - 06,Si
62356.0,Mercadotecnia,2018 - 04,No
51840.0,Direc. Proy.,2017 - 06,Si
76085.0,Inn. Tec. Edu.,2019 - 03,No
77363.0,Direc. Emp. Fam.,2019 - 04,No
73521.0,Admon Fin.,2019 - 03,Si
77058.0,Alim. Y Nut. Salud,2019 - 04,Si
49988.0,Direc. Proy.,2017 - 05,Si
89476.0,Est. Temprana,2019 - 08,No
73376.0,Neuromarketing,2019 - 02,No
50129.0,Comp. Dig. Docentes,2017 - 05,Si
68763.0,Educacion,2018 - 08,No
87456.0,Prot. Datos. P,2019 - 07,No
73380.0,Mercadotecnia,2019 - 02,Si
85178.0,Gest. Tal.,2019 - 07,Si
80754.0,Direc. Estrat. Neg,2019 - 05,No
71458.0,Lider. Inst. Edu.,2019 - 01,Si
89482.0,Educacion,2019 - 08,No
83975.0,Alim. Y Nut. Salud,2019 - 06,Si
84482.0,P. Aux. Psic.,2019 - 07,No
81426.0,Alim. Y Nut. Salud,2019 - 06,No
74734.0,Prof. Deportiva.,2019 - 03,Si
76545.0,Interv. Psicoped,2019 - 03,Si
75847.0,Neuromarketing,2019 - 03,No
69426.0,Admon Fin.,2018 - 08,No
84143.0,Alim. Y Nut. Salud,2019 - 06,Si
76059.0,Alim. Y Nut. Salud,2019 - 03,No
71962.0,Psicoped. Escolar,2019 - 01,No
77754.0,E-Commerce,2019 - 04,Si
87870.0,Alim. Y Nut. Salud,2019 - 08,Si
71950.0,Psicoped. Escolar,2019 - 01,Si
67525.0,Ventas Estrat.,2018 - 07,No
91290.0,Com. Corp.,2019 - 08,No
69329.0,Lider. Inst. Edu.,2018 - 08,Si
56311.0,Hab. Geren.,2018 - 01,No
82794.0,Est. Prac. Edu.,2019 - 06,Si
86398.0,Transf. Globales,2019 - 07,Si
57773.0,Direc. Proy.,2018 - 02,Si
84136.0,Alim. Y Nut. Salud,2019 - 06,No
80752.0,Direc. Proy.,2019 - 05,No
63437.0,Planeacion Estrat.,2018 - 06,No
60521.0,Educacion,2018 - 03,Si
77424.0,Cloud Computing,2019 - 04,No
64610.0,Comp. Dig. Docentes,2018 - 05,No
68655.0,Diagn. Psicoped.,2018 - 08,Si
67279.0,Ventas Estrat.,2018 - 07,No
58010.0,Intro. Fin,2018 - 02,No
75045.0,Big Data,2019 - 03,Si
83960.0,Est. Temprana,2019 - 06,Si
77245.0,Mkt. Digital,2019 - 04,Si
76149.0,Big Data,2019 - 03,Si
84129.0,Est. Temprana,2019 - 06,No
77706.0,Educacion,2019 - 04,Si
82549.0,Direc. Proy.,2019 - 06,No
82249.0,Crianza Hijos,2019 - 06,No
75107.0,Alim. Y Nut. Salud,2019 - 03,No
76200.0,Inn. Tec. Edu.,2019 - 03,Si
90675.0,Prof. Deportiva.,2019 - 08,No
90109.0,Des. Neg. y Empren.,2019 - 08,No
75962.0,Des. Cap. Hum.,2019 - 03,Si
75599.0,Alim. Y Nut. Salud,2019 - 03,No
67884.0,Direc. Proy.,2018 - 07,Si
91284.0,I. A.,2019 - 08,Si
88149.0,Alim. Y Nut. Salud,2019 - 08,No
89260.0,Big Data,2019 - 08,Si
86411.0,Direc. Proy.,2019 - 07,Si
81424.0,Interv. Psicoped,2019 - 05,Si
76332.0,Alim. Y Nut. Salud,2019 - 07,No
72421.0,Fin. Corp. Avan.,2019 - 01,No
87634.0,Interv. Edu.,2019 - 08,No
79445.0,Estrategia Tal. Hum.,2019 - 05,Si
85485.0,Est. Temprana,2019 - 07,Si
88534.0,Com. Corp.,2019 - 08,No
81751.0,Gest. Tal.,2019 - 06,No
70420.0,Neuromarketing,2019 - 01,Si
75347.0,Alim. Y Nut. Salud,2019 - 03,No
75966.0,Hab. Geren.,2019 - 03,Si
57801.0,Intro. Fin,2018 - 02,No
60171.0,Mercadotecnia,2018 - 03,No
84734.0,Desarrollo Mot.,2019 - 07,Si
81567.0,Interv. Psicoped,2019 - 06,Si
81010.0,Alim. Y Nut. Salud,2019 - 06,Si
86276.0,Fin. Corp. Avan.,2019 - 07,Si
85337.0,Programacion de Apps,2019 - 07,No
85087.0,Alim. Y Nut. Salud,2019 - 07,No
78289.0,Inn. Diseno Edu.,2019 - 04,No
74409.0,Educacion,2019 - 02,No
90920.0,Direc. Proy.,2019 - 08,No
86727.0,Psicoped. Escolar,2019 - 07,Si
69087.0,Estrategia Tal. Hum.,2018 - 08,No
89661.0,Alim. Y Nut. Salud,2019 - 08,No
73047.0,Admon Fin.,2019 - 02,No
84251.0,Lider. Inst. Edu.,2019 - 06,Si
72404.0,Inn. Negocios,2019 - 01,Si
85602.0,Alim. Y Nut. Salud,2019 - 07,Si
89261.0,Prog. Neuroling.,2019 - 08,Si
61118.0,Comp. Directivas,2018 - 03,Si
64429.0,Comp. Directivas,2018 - 05,Si
76134.0,Direc. Estrat. Neg,2019 - 03,No
84637.0,Intro. Fin,2019 - 07,No
69989.0,Lider. Inst. Edu.,2019 - 01,Si
67275.0,Hab. Geren.,2018 - 07,Si
70526.0,Neuromarketing,2019 - 01,Si
89180.0,Prin. Fiscales,2019 - 08,No
89890.0,Direc. Estrat. Neg,2019 - 08,Si
90097.0,Adm. Salud,2019 - 08,Si
80688.0,Design Think,2019 - 05,Si
89143.0,Adm. Salud,2019 - 08,Si
83617.0,Mkt. Farmaceutico,2019 - 06,Si
76112.0,Alim. Y Nut. Salud,2019 - 03,No
74001.0,Alim. Y Nut. Salud,2019 - 02,Si
83797.0,Direc. Proy.,2019 - 06,No
74569.0,Estrategia Tal. Hum.,2019 - 02,No
80150.0,Direc. Proy.,2019 - 05,No
87225.0,Alim. Y Nut. Salud,2019 - 07,Si
88333.0,Prof. Deportiva.,2019 - 08,No
88523.0,Intro. Fin,2019 - 08,No
82934.0,Mkt. Digital,2019 - 06,Si
68272.0,Mercadotecnia,2018 - 08,No
51011.0,Educacion,2017 - 05,Si
73366.0,Direc. Proy.,2019 - 02,Si
90947.0,Programacion de Apps,2019 - 08,Si
75631.0,Direc. Proy.,2019 - 03,Si
90927.0,Crianza Hijos,2019 - 08,No
85861.0,Direc. Proy.,2019 - 07,No
82713.0,Psicopat. Adol.,2019 - 06,Si
85084.0,Est. Temprana,2019 - 07,No
80026.0,Com. Corp.,2019 - 05,No
62959.0,Gest. Tal.,2018 - 05,Si
85077.0,Mkt. Digital,2019 - 07,No
84157.0,Programacion de Apps,2019 - 07,No
78436.0,Intro. Fin,2019 - 04,No
53844.0,Educacion,2017 - 08,Si
87445.0,Adm. Salud,2019 - 07,No
82846.0,Inn. Tec. Edu.,2019 - 06,Si
51708.0,Planeacion Estrat.,2017 - 06,Si
85496.0,Big Data,2019 - 07,Si
88531.0,Crianza Hijos,2019 - 08,No
72549.0,Admon Fin.,2019 - 01,No
72691.0,Big Data,2019 - 02,Si
77331.0,Alim. Y Nut. Salud,2019 - 04,Si
69468.0,Neuromarketing,2018 - 08,No
80937.0,Fin. Corp. Avan.,2019 - 05,Si
52541.0,Direc. Proy.,2017 - 06,Si
79788.0,Educacion,2019 - 05,No
81861.0,Alim. Y Nut. Salud,2019 - 06,No
77365.0,Est. Temprana,2019 - 04,No
54190.0,Educacion,2018 - 01,No
87774.0,Trastornos Alimen.,2019 - 08,Si
53290.0,Planeacion Estrat.,2017 - 07,No
82912.0,Mkt. Digital,2019 - 06,Si
79513.0,Big Data,2019 - 05,No
82927.0,Trastornos Alimen.,2019 - 06,No
70606.0,Neuromarketing,2019 - 01,No
80753.0,Edu. Preescolar,2019 - 05,Si
74081.0,Fin. Corp. Avan.,2019 - 02,No
72118.0,Lider. Inst. Edu.,2019 - 01,No
71728.0,Direc. Proy.,2019 - 01,No
69171.0,Ventas Estrat.,2018 - 08,No
68615.0,Interv. Psicoped,2018 - 08,Si
49838.0,Intro. Fin,2017 - 04,No
87114.0,Prog. Neuroling.,2019 - 07,Si
61022.0,Direc. Proy.,2018 - 03,No
75958.0,Alim. Y Nut. Salud,2019 - 03,Si
76413.0,Direc. Proy.,2019 - 03,Si
89953.0,E. Lectoescritura,2019 - 08,No
89686.0,Est. Temprana,2019 - 08,Si
82796.0,Direc. Proy.,2019 - 06,No
83490.0,Ventas Estrat.,2019 - 06,Si
90939.0,Est. Temprana,2019 - 08,No
70193.0,Diagn. Psicoped.,2019 - 01,Si
82054.0,Obesidad. Inf.,2019 - 06,No
84354.0,Adm. Salud,2019 - 06,Si
70375.0,Comp. Dig. Docentes,2019 - 01,Si
72304.0,Fin. Corp. Avan.,2019 - 01,Si
80929.0,Comp. Dig. Docentes,2019 - 05,Si
80656.0,Direc. Proy.,2019 - 05,No
78859.0,Mkt. Digital,2019 - 05,Si
81191.0,E. Lectoescritura,2019 - 05,No
77709.0,E. Lectoescritura,2019 - 04,No
80805.0,E. Lectoescritura,2019 - 06,Si
72216.0,Educacion,2019 - 01,Si
80684.0,Inn. Negocios,2019 - 05,No
79169.0,Des. Neg. y Empren.,2019 - 05,Si
84347.0,Direc. Emp. Fam.,2019 - 06,No
83999.0,E. Lectoescritura,2019 - 06,Si
79067.0,Lider. Inst. Edu.,2019 - 05,No
84982.0,Estrategia Tal. Hum.,2019 - 07,Si
87240.0,Alim. Y Nut. Salud,2019 - 07,No
73938.0,Intro. Fin,2019 - 02,Si
74324.0,Direc. Proy.,2019 - 02,Si
81068.0,E. Lectoescritura,2019 - 05,No
53769.0,Hab. Geren.,2017 - 07,Si
51225.0,Direc. Proy.,2017 - 05,No
78185.0,Big Data en Edu,2019 - 04,No
72468.0,Big Data,2019 - 01,Si
84169.0,Est. Temprana,2019 - 07,No
90588.0,E. Lectoescritura,2019 - 08,No
81274.0,Alim. Y Nut. Salud,2019 - 05,No
80678.0,Edu. Preescolar,2019 - 06,Si
71462.0,Admon Fin.,2019 - 01,Si
89259.0,Est. Temprana,2019 - 08,Si
46872.0,Intro. Fin,2017 - 04,No
87027.0,Diagn. Psicoped.,2019 - 07,Si
87977.0,Prof. Deportiva.,2019 - 08,No
87782.0,Alim. Y Nut. Salud,2019 - 08,Si
67833.0,Direc. Proy.,2018 - 07,Si
79362.0,Est. Temprana,2019 - 05,No
86228.0,Coaching de Vida,2019 - 07,No
89872.0,B. I.,2019 - 08,No
58424.0,Mercadotecnia,2018 - 03,Si
87352.0,Alim. Y Nut. Salud,2019 - 07,Si
52544.0,Hab. Geren.,2017 - 07,Si
80006.0,E. Lectoescritura,2019 - 05,Si
83472.0,Admon Fin.,2019 - 06,Si
76648.0,Design Think,2019 - 04,Si
86025.0,Prog. Neuroling.,2019 - 07,Si
83433.0,Mkt. Farmaceutico,2019 - 06,Si
73404.0,Inn. Tec. Edu.,2019 - 02,Si
75630.0,Psicoped. Escolar,2019 - 03,No
69108.0,Mercadotecnia,2018 - 08,Si
76903.0,Est. Temprana,2019 - 04,No
78021.0,Alim. Y Nut. Salud,2019 - 04,Si
60892.0,Comp. Directivas,2018 - 03,No
86197.0,Hist. Arte. Clasico,2019 - 07,Si
58379.0,Mercadotecnia,2018 - 02,Si
87569.0,Est. Temprana,2019 - 07,No
88738.0,Obesidad. Inf.,2019 - 08,Si
76490.0,Ventas Estrat.,2019 - 03,No
76599.0,Direc. Proy.,2019 - 04,Si
74958.0,Direc. Proy.,2019 - 03,No
83427.0,Alim. Y Nut. Salud,2019 - 06,No
83614.0,Intro. Fin,2019 - 06,No
78155.0,Admon Fin.,2019 - 04,Si
84651.0,Educacion,2019 - 07,No
76350.0,Inn. Negocios,2019 - 04,No
53440.0,Lider. Inst. Edu.,2017 - 07,Si
84732.0,Educacion,2019 - 07,No
89627.0,Est. Temprana,2019 - 08,Si
77883.0,Interv. Psicoped,2019 - 04,Si
73119.0,Direc. Estrat. Neg,2019 - 02,Si
73973.0,Gest. Tal.,2019 - 05,Si
88597.0,Direc. Proy.,2019 - 08,No
77453.0,Admon Fin.,2019 - 04,Si
66866.0,Hab. Geren.,2018 - 07,No
81397.0,Interv. Psicoped,2019 - 05,Si
58578.0,Planeacion Estrat.,2018 - 05,Si
74895.0,Lider. Inst. Edu.,2019 - 03,No
91163.0,Hab. Geren.,2019 - 08,No
75892.0,Alim. Y Nut. Salud,2019 - 03,No
88370.0,Alim. Y Nut. Salud,2019 - 08,No
85676.0,Gob. Adm. P. E.,2019 - 08,Si
88493.0,Alim. Y Nut. Salud,2019 - 08,No
83498.0,Lider. Inst. Edu.,2019 - 06,No
75639.0,Gest. Esc.,2019 - 03,No
77824.0,Est. Temprana,2019 - 04,Si
78955.0,Neuromarketing,2019 - 05,Si
88513.0,Est. Temprana,2019 - 08,No
77192.0,Alim. Y Nut. Salud,2019 - 04,No
64068.0,Educacion,2018 - 05,No
83483.0,Mkt. Digital,2019 - 06,Si
78527.0,Mkt. Digital,2019 - 04,No
47288.0,Direc. Emp. Fam.,2019 - 08,No
79875.0,E. Lectoescritura,2019 - 05,Si
72364.0,Des. Cap. Hum.,2019 - 01,Si
86827.0,Educacion,2019 - 07,Si
90283.0,Est. Temprana,2019 - 08,Si
83874.0,Ventas Estrat.,2019 - 06,Si
74060.0,Alim. Y Nut. Salud,2019 - 02,Si
82262.0,Coaching de Vida,2019 - 07,No
88724.0,Eco. Digital,2019 - 08,No
83331.0,Prof. Deportiva.,2019 - 06,No
67918.0,Ventas Estrat.,2018 - 07,No
77946.0,Alim. Y Nut. Salud,2019 - 04,Si
61099.0,Comp. Directivas,2018 - 03,No
67283.0,Planeacion Estrat.,2018 - 07,No
82553.0,Alim. Y Nut. Salud,2019 - 06,No
90392.0,Mkt. Digital,2019 - 08,No
66282.0,Comp. Directivas,2018 - 06,Si
82844.0,Intro. Fin,2019 - 06,Si
72614.0,Diagn. Psicoped.,2019 - 02,Si
80481.0,Programacion de Apps,2019 - 05,No
80065.0,Planeacion Estrat.,2019 - 05,No
68937.0,Design Think,2018 - 08,No
53358.0,Mercadotecnia,2017 - 07,Si
72291.0,Direc. Proy.,2019 - 01,Si
86921.0,Direc. Proy.,2019 - 07,Si
85690.0,Coaching de Vida,2019 - 07,Si
52686.0,Inn. Tec. Edu.,2017 - 06,No
79211.0,Lider. Inst. Edu.,2019 - 05,Si
91013.0,Alim. Y Nut. Salud,2019 - 08,Si
63087.0,Gest. Tal.,2018 - 05,Si
89296.0,Adm. Salud,2019 - 08,Si
47653.0,Comp. Dig. Docentes,2017 - 04,Si
79019.0,Alim. Y Nut. Salud,2019 - 05,Si
84175.0,Coaching de Vida,2019 - 06,No
83721.0,Big Data,2019 - 06,No
74388.0,Planeacion Estrat.,2019 - 02,No
78009.0,Alim. Y Nut. Salud,2019 - 04,No
54565.0,Lider. Inst. Edu.,2017 - 08,No
78170.0,Alim. Y Nut. Salud,2019 - 04,Si
50106.0,Hab. Geren.,2017 - 05,Si
78621.0,Alim. Y Nut. Salud,2019 - 04,No
83607.0,E. Lectoescritura,2019 - 06,Si
65616.0,Lider. Inst. Edu.,2018 - 07,No
79450.0,Mkt. Digital,2019 - 05,No
81316.0,Crianza Hijos,2019 - 05,Si
88912.0,Com. Corp.,2019 - 08,Si
90935.0,Adm. Emp.,2019 - 08,Si
82094.0,B. I.,2019 - 06,Si
84345.0,Coaching de Vida,2019 - 07,No
74986.0,Admon Fin.,2019 - 03,No
86422.0,Obesidad. Inf.,2019 - 07,Si
91139.0,Hab. Geren.,2019 - 08,No
87354.0,Diagn. Psicoped.,2019 - 07,Si
89789.0,Alim. Y Nut. Salud,2019 - 08,Si
89785.0,Des. Neg. y Empren.,2019 - 08,No
84069.0,Psicopat. Adol.,2019 - 06,Si
82197.0,Prog. Neuroling.,2019 - 06,Si
85600.0,Des. Neg. y Empren.,2019 - 07,No
80659.0,Coaching de Vida,2019 - 05,No
77602.0,Direc. Estrat. Neg,2019 - 04,Si
77097.0,Big Data,2019 - 04,Si
78016.0,B. I.,2019 - 04,No
83023.0,Est. Temprana,2019 - 06,No
85681.0,Bien. Salud y Calidad,2019 - 07,No
79498.0,Alim. Y Nut. Salud,2019 - 06,Si
79213.0,Crianza Hijos,2019 - 05,No
86026.0,E-Commerce,2019 - 07,Si
80807.0,Adm. Salud,2019 - 05,Si
87635.0,Direc. Emp. Fam.,2019 - 08,No
82829.0,Est. Temprana,2019 - 06,Si
79879.0,Adm. Emp.,2019 - 05,No
89191.0,Est. Temprana,2019 - 08,No
71859.0,Big Data,2019 - 02,Si
70293.0,Ventas Estrat.,2019 - 02,No
82613.0,E. Lectoescritura,2019 - 06,No
73764.0,Big Data,2019 - 02,Si
69363.0,Des. Cap. Hum.,2018 - 08,Si
73410.0,Interv. Psicoped,2019 - 02,Si
88096.0,Edu. Preescolar,2019 - 08,Si
81419.0,Inn. Diseno Edu.,2019 - 05,Si
76737.0,Design Think,2019 - 04,No
53052.0,Direc. Proy.,2017 - 07,No
67560.0,Hab. Geren.,2018 - 07,Si
73749.0,Fin. Corp. Avan.,2019 - 02,No
85490.0,Calidad Educativa,2019 - 07,No
65432.0,Educacion,2018 - 06,Si
81971.0,E-Commerce,2019 - 06,No
59815.0,Educacion,2018 - 03,Si
82933.0,Ventas Estrat.,2019 - 06,Si
77119.0,Crianza Hijos,2019 - 04,No
64452.0,Intro. Fin,2018 - 05,Si
47652.0,Gest. Tal.,2017 - 05,Si
82847.0,E. Lectoescritura,2019 - 06,Si
81328.0,Edu. Preescolar,2019 - 05,Si
68858.0,Fin. Corp. Avan.,2018 - 08,Si
78635.0,Planeacion Estrat.,2019 - 05,No
78777.0,Prof. Deportiva.,2019 - 04,No
80732.0,Interv. Psicoped,2019 - 05,Si
54301.0,Hab. Geren.,2018 - 01,No
47163.0,Gest. Tal.,2017 - 05,Si
80224.0,Direc. Proy.,2019 - 05,Si
82371.0,Prot. Datos. P,2019 - 06,No
65351.0,Ventas Estrat.,2018 - 07,Si
83143.0,Desarrollo Mot.,2019 - 06,Si
78774.0,Des. Cap. Hum.,2019 - 04,Si
76825.0,Direc. Proy.,2019 - 04,Si
72155.0,Intro. Fin,2019 - 01,Si
84500.0,Prof. Deportiva.,2019 - 07,No
89395.0,Edu. Preescolar,2019 - 08,No
69092.0,Estrat. Comercial,2018 - 08,Si
85957.0,Trastornos Alimen.,2019 - 07,Si
82848.0,Adm. Salud,2019 - 06,Si
76543.0,Planeacion Estrat.,2019 - 04,No
84301.0,Hab. Geren.,2019 - 06,Si
84841.0,Desarrollo Mot.,2019 - 07,Si
81652.0,Alim. Y Nut. Salud,2019 - 06,Si
86362.0,Disc. Formativa,2019 - 07,No
66166.0,Gest. Tal.,2018 - 06,Si
76516.0,Diagn. Psicoped.,2019 - 03,Si
84829.0,Alim. Y Nut. Salud,2019 - 07,No
46994.0,Planeacion Estrat.,2017 - 04,Si
54209.0,Educacion,2017 - 08,No
69755.0,Comp. Dig. Docentes,2019 - 01,Si
76594.0,Comp. Dig. Docentes,2019 - 03,Si
82102.0,Desarrollo Mot.,2019 - 06,Si
46979.0,Direc. Proy.,2017 - 04,Si
68875.0,Gest. Esc.,2018 - 08,Si
73622.0,Big Data,2019 - 02,No
86374.0,Coaching de Vida,2019 - 07,No
61893.0,Gest. Tal.,2018 - 04,Si
87699.0,Mkt. Farmaceutico,2019 - 08,Si
84640.0,Alim. Y Nut. Salud,2019 - 07,No
81336.0,Alim. Y Nut. Salud,2019 - 05,Si
47086.0,Direc. Proy.,2017 - 04,Si
47387.0,Intro. Fin,2017 - 04,Si
79365.0,Mkt. Digital,2019 - 05,Si
79711.0,E. Lectoescritura,2019 - 05,No
81170.0,Est. Temprana,2019 - 05,Si
89281.0,Big Data,2019 - 08,No
77408.0,Alim. Y Nut. Salud,2019 - 04,No
79709.0,Adm. Salud,2019 - 05,No
87060.0,Programacion de Apps,2019 - 07,No
80292.0,E-Commerce,2019 - 05,No
87311.0,Alim. Y Nut. Salud,2019 - 07,No
85102.0,Alim. Y Nut. Salud,2019 - 07,No
88255.0,Inclusion Laboral,2019 - 08,Si
84808.0,Gob. Adm. P. E.,2019 - 07,Si
75978.0,Diagn. Psicoped.,2019 - 03,Si
77332.0,E. Lectoescritura,2019 - 04,No
84809.0,Des. Cap. Hum.,2019 - 07,Si
81369.0,Inn. Diseno Edu.,2019 - 05,Si
76718.0,Hab. Geren.,2019 - 04,Si
78305.0,Direc. Emp. Fam.,2019 - 04,No
72129.0,Gest. Esc.,2019 - 01,No
84754.0,Est. Temprana,2019 - 07,No
79279.0,E. Lectoescritura,2019 - 05,Si
83238.0,Est. Temprana,2019 - 06,Si
81846.0,Direc. Proy.,2019 - 06,Si
73159.0,Ventas Estrat.,2019 - 02,Si
82722.0,Desarrollo Mot.,2019 - 06,Si
77314.0,Inn. Diseno Edu.,2019 - 04,No
66786.0,Hab. Geren.,2018 - 07,Si
84394.0,Alim. Y Nut. Salud,2019 - 06,Si
88713.0,Admon Fin.,2019 - 08,Si
83520.0,Adm. Salud,2019 - 06,Si
87770.0,Trastornos Alimen.,2019 - 08,Si
90124.0,Obesidad. Inf.,2019 - 08,Si
82721.0,Mkt. Digital,2019 - 06,No
89673.0,Programacion de Apps,2019 - 08,No
80000.0,Alim. Y Nut. Salud,2019 - 05,No
86758.0,E. Lectoescritura,2019 - 07,Si
90999.0,Hist. Arte. Medieval,2019 - 08,No
84287.0,Educacion,2019 - 06,Si
83231.0,Inn. Tec. Edu.,2019 - 06,Si
67127.0,Direc. Proy.,2018 - 07,Si
91168.0,Hab. Geren.,2019 - 08,No
82117.0,Des. Neg. y Empren.,2019 - 06,Si
80185.0,Intro. Fin,2019 - 05,Si
55390.0,Educacion,2018 - 01,No
83806.0,Psicopat. Adol.,2019 - 06,Si
85410.0,Alim. Y Nut. Salud,2019 - 07,Si
87044.0,Alim. Y Nut. Salud,2019 - 08,No
75014.0,Admon Fin.,2019 - 03,Si
75501.0,Direc. Emp. Fam.,2019 - 03,No
83887.0,Mkt. Farmaceutico,2019 - 07,Si
87037.0,E. Lectoescritura,2019 - 07,No
89630.0,Ventas Estrat.,2019 - 08,Si
47586.0,Mercadotecnia,2017 - 04,No
89258.0,Direc. Proy.,2019 - 08,Si
84756.0,Intro. Fin,2019 - 07,No
85601.0,Big Data,2019 - 07,No
83021.0,Adm. Salud,2019 - 06,Si
83003.0,Planeacion Estrat.,2019 - 06,Si
74496.0,Big Data,2019 - 02,No
53985.0,Intro. Fin,2017 - 08,Si
67838.0,Comp. Directivas,2018 - 08,Si
62726.0,Hab. Geren.,2018 - 04,Si
73104.0,Lider. Inst. Edu.,2019 - 02,Si
85693.0,Mkt. Digital,2019 - 07,No
74294.0,Alim. Y Nut. Salud,2019 - 02,Si
89047.0,Mkt. Farmaceutico,2019 - 08,Si
87948.0,Psicopat. Adol.,2019 - 08,No
68452.0,Big Data,2018 - 08,Si
86575.0,Mercadotecnia,2019 - 08,Si
46366.0,Planeacion Estrat.,2017 - 03,No
60684.0,Planeacion Estrat.,2018 - 03,No
56276.0,Educacion,2018 - 01,Si
50653.0,Hab. Geren.,2017 - 05,No
81840.0,E. Lectoescritura,2019 - 06,No
89306.0,Est. Temprana,2019 - 08,No
81523.0,Trastornos Alimen.,2019 - 06,No
67795.0,Comp. Directivas,2018 - 07,Si
86377.0,Adm. Salud,2019 - 07,Si
60860.0,Direc. Proy.,2018 - 03,No
89182.0,Est. Temprana,2019 - 08,Si
76786.0,B. I.,2019 - 04,Si
79295.0,Prin. Fiscales,2019 - 05,No
72462.0,Neuromarketing,2019 - 02,Si
64860.0,Direc. Proy.,2018 - 06,Si
78694.0,Direc. Proy.,2019 - 04,Si
87696.0,Prin. Fiscales,2019 - 08,No
59625.0,Lider. Inst. Edu.,2018 - 03,Si
69445.0,Big Data,2018 - 08,No
91268.0,Obesidad. Inf.,2019 - 08,Si
67037.0,Educacion,2018 - 07,Si
75628.0,Direc. Estrat. Neg,2019 - 03,No
85847.0,Admon Fin.,2019 - 07,Si
82926.0,Hab. Geren.,2019 - 06,No
58169.0,Direc. Proy.,2018 - 02,No
72781.0,Planeacion Estrat.,2019 - 02,No
53733.0,Lider. Inst. Edu.,2017 - 07,No
89072.0,Admon Fin.,2019 - 08,No
76418.0,Planeacion Estrat.,2019 - 03,Si
73190.0,Ventas Estrat.,2019 - 02,No
82760.0,Est. Temprana,2019 - 06,No
81651.0,Des. Cap. Hum.,2019 - 06,No
74010.0,Inn. Negocios,2019 - 02,No
86869.0,Exp. Clin. Elec.,2019 - 07,No
58689.0,Inn. Tec. Edu.,2018 - 02,No
67973.0,Direc. Proy.,2018 - 07,Si
83808.0,Crianza Hijos,2019 - 06,Si
74348.0,Planeacion Estrat.,2019 - 02,No
86962.0,Ciberseguridad,2019 - 07,Si
84580.0,Direc. Estrat. Neg,2019 - 07,No
79291.0,Edu. Preescolar,2019 - 05,Si
79328.0,E. Lectoescritura,2019 - 05,No
80307.0,Ventas Estrat.,2019 - 05,Si
77067.0,Coaching de Vida,2019 - 04,No
74546.0,Neuromarketing,2019 - 02,Si
71014.0,Big Data,2019 - 01,Si
82695.0,Programacion de Apps,2019 - 07,No
84483.0,Alim. Y Nut. Salud,2019 - 07,Si
72392.0,Psicoped. Escolar,2019 - 01,Si
83971.0,B. I.,2019 - 06,Si
85234.0,Obesidad. Inf.,2019 - 07,No
70777.0,Comp. Directivas,2019 - 01,No
55540.0,Comp. Dig. Docentes,2018 - 01,No
91148.0,Hab. Geren.,2019 - 08,No
78673.0,Coaching de Vida,2019 - 04,Si
90455.0,E. Lectoescritura,2019 - 08,No
82618.0,Comp. Directivas,2019 - 06,Si
63615.0,Mercadotecnia,2018 - 05,Si
76487.0,Gest. Tal.,2019 - 03,Si
65049.0,Gest. Tal.,2018 - 06,No
83984.0,Mercadotecnia,2019 - 06,No
70992.0,Educacion,2019 - 01,Si
87961.0,Direc. Proy.,2019 - 08,No
83489.0,Design Think,2019 - 06,No
60872.0,Educacion,2018 - 03,No
87224.0,Diagn. Psicoped.,2019 - 07,Si
58429.0,Lider. Inst. Edu.,2018 - 02,No
80729.0,Des. Neg. y Empren.,2019 - 05,No
68286.0,Educacion,2018 - 08,Si
78037.0,Alim. Y Nut. Salud,2019 - 04,No
90832.0,E. Lectoescritura,2019 - 08,No
58618.0,Educacion,2018 - 02,Si
86117.0,Mkt. Digital,2019 - 07,No
86111.0,Est. Temprana,2019 - 07,Si
84752.0,Mercadotecnia,2019 - 07,No
84231.0,Direc. Proy.,2019 - 06,Si
65952.0,Educacion,2018 - 06,No
54918.0,Direc. Proy.,2017 - 08,Si
86726.0,Direc. Emp. Fam.,2019 - 07,No
82253.0,P. Aux. Psic.,2019 - 06,Si
77325.0,Big Data,2019 - 04,Si
83130.0,Mkt. Digital,2019 - 06,No
71125.0,Diagn. Psicoped.,2019 - 01,No
71725.0,Educacion,2019 - 02,No
67854.0,Educacion,2018 - 07,Si
85482.0,Hist. Arte. Ant.,2019 - 07,Si
66078.0,Gest. Tal.,2018 - 06,No
89173.0,Big Data,2019 - 08,Si
74891.0,Alim. Y Nut. Salud,2019 - 04,No
74189.0,Prof. Deportiva.,2019 - 02,No
90015.0,Bien. Salud y Calidad,2019 - 08,No
88878.0,Est. Temprana,2019 - 08,Si
76081.0,Direc. Proy.,2019 - 04,Si
49980.0,Inn. Tec. Edu.,2017 - 05,No
77836.0,Direc. Proy.,2019 - 04,No
81701.0,Alim. Y Nut. Salud,2019 - 06,No
76307.0,Direc. Emp. Fam.,2019 - 03,No
87104.0,Adm. Salud,2019 - 07,Si
83232.0,Adm. Emp.,2019 - 06,No
76001.0,Alim. Y Nut. Salud,2019 - 03,Si
83129.0,Intro. Fin,2019 - 06,No
64359.0,Lider. Inst. Edu.,2018 - 05,No
83290.0,Inn. Tec. Edu.,2019 - 06,No
79885.0,Edu. Preescolar,2019 - 05,Si
85590.0,Direc. Proy.,2019 - 07,No
51600.0,Direc. Proy.,2017 - 06,No
68866.0,Big Data,2018 - 08,Si
65179.0,Comp. Directivas,2018 - 06,Si
73795.0,Alim. Y Nut. Salud,2019 - 02,No
90095.0,Est. Temprana,2019 - 08,No
86928.0,Design Think,2019 - 07,No
76540.0,Ventas Estrat.,2019 - 03,No
87113.0,Alim. Y Nut. Salud,2019 - 07,Si
81853.0,Crianza Hijos,2019 - 06,No
75036.0,Planeacion Estrat.,2019 - 03,No
81242.0,Interv. Edu.,2019 - 05,No
64644.0,Lider. Inst. Edu.,2018 - 05,Si
87184.0,Edu. Preescolar,2019 - 07,Si
78097.0,Educacion,2019 - 04,Si
84991.0,Prof. Deportiva.,2019 - 07,No
54079.0,Direc. Proy.,2017 - 08,No
50641.0,Direc. Proy.,2017 - 05,Si
78483.0,B. I.,2019 - 04,Si
81084.0,Comp. Directivas,2019 - 05,Si
71040.0,Educacion,2019 - 01,No
50856.0,Educacion,2017 - 05,Si
82904.0,Crianza Hijos,2019 - 06,No
82781.0,Educacion,2019 - 06,Si
87134.0,Est. Temprana,2019 - 07,Si
77837.0,Direc. Proy.,2019 - 04,No
56229.0,Mercadotecnia,2018 - 01,No
84902.0,Inn. Tec. Edu.,2019 - 07,No
80389.0,Edu. Preescolar,2019 - 05,Si
54588.0,Educacion,2017 - 08,No
87237.0,Coaching de Vida,2019 - 08,No
90452.0,Coaching Edu.,2019 - 08,No
79566.0,Hab. Geren.,2019 - 05,Si
82507.0,Programacion de Apps,2019 - 06,No
77821.0,Planeacion Estrat.,2019 - 04,Si
82652.0,Alim. Y Nut. Salud,2019 - 06,Si
87150.0,Des. Videojuegos,2019 - 07,No
84469.0,E. Lectoescritura,2019 - 07,No
81674.0,Direc. Proy.,2019 - 06,Si
89545.0,P. Aux. Psic.,2019 - 08,Si
67464.0,Mercadotecnia,2018 - 07,Si
91003.0,Est. Temprana,2019 - 08,Si
81005.0,Programacion de Apps,2019 - 05,Si
78870.0,Crianza Hijos,2019 - 04,Si
79410.0,Programacion de Apps,2019 - 05,No
70706.0,Inn. Negocios,2019 - 01,No
88654.0,Est. Temprana,2019 - 08,Si
56249.0,Comp. Directivas,2018 - 01,No
86222.0,Des. Videojuegos,2019 - 07,No
78023.0,Direc. Estrat. Neg,2019 - 04,Si
81154.0,Adm. Salud,2019 - 05,Si
68923.0,Lider. Inst. Edu.,2018 - 08,Si
63101.0,Mercadotecnia,2018 - 05,Si
74263.0,Big Data,2019 - 02,Si
82369.0,Fin. Corp. Avan.,2019 - 06,Si
86146.0,Est. Temprana,2019 - 07,Si
86738.0,Monitores Esc.,2019 - 07,Si
87644.0,Trastornos Alimen.,2019 - 08,Si
89063.0,Crianza Hijos,2019 - 08,No
57847.0,Hab. Geren.,2018 - 03,No
90573.0,Exp. Clin. Elec.,2019 - 08,No
89267.0,Adm. Emp.,2019 - 08,No
54499.0,Comp. Directivas,2017 - 08,No
78298.0,Direc. Proy.,2019 - 04,Si
86202.0,Direc. Proy.,2019 - 07,Si
84370.0,Direc. Proy.,2019 - 07,No
72198.0,Interv. Psicoped,2019 - 01,No
77922.0,Alim. Y Nut. Salud,2019 - 04,No
85506.0,Hab. Geren.,2019 - 07,Si
68226.0,Neuromarketing,2018 - 08,Si
70118.0,Gest. Tal.,2019 - 01,Si
80289.0,Direc. Estrat. Neg,2019 - 05,No
73870.0,Planeacion Estrat.,2019 - 02,Si
72787.0,Direc. Proy.,2019 - 02,Si
87866.0,Oren. Edu. Fam,2019 - 08,Si
90903.0,Lider. Inst. Edu.,2019 - 08,No
80213.0,B. I.,2019 - 05,Si
85824.0,Edu. Primaria,2019 - 07,Si
87789.0,Est. Temprana,2019 - 08,Si
85097.0,Est. Temprana,2019 - 07,Si
89048.0,Prot. Datos. P,2019 - 08,No
77843.0,Admon Fin.,2019 - 04,No
55440.0,Direc. Proy.,2018 - 01,Si
77552.0,Est. Temprana,2019 - 04,Si
76588.0,Comp. Dig. Docentes,2019 - 03,No
81327.0,Big Data,2019 - 05,No
76502.0,Intro. Fin,2019 - 03,Si
81427.0,Prof. Deportiva.,2019 - 05,Si
47644.0,Comp. Dig. Docentes,2017 - 04,Si
56590.0,Gest. Esc.,2018 - 01,No
86925.0,Est. Temprana,2019 - 07,Si
75329.0,Mercadotecnia,2019 - 03,Si
87337.0,Prog. Neuroling.,2019 - 08,No
85247.0,Programacion de Apps,2019 - 07,Si
75843.0,Direc. Emp. Fam.,2019 - 03,Si
90114.0,Ciberseguridad,2019 - 08,Si
69756.0,Comp. Dig. Docentes,2019 - 01,Si
61734.0,Comp. Directivas,2018 - 04,Si
69223.0,Ventas Estrat.,2018 - 08,Si
87513.0,Admon Fin.,2019 - 07,No
75854.0,Prof. Deportiva.,2019 - 03,No
75953.0,Mercadotecnia,2019 - 03,Si
64855.0,Comp. Directivas,2018 - 06,Si
79173.0,Edu. Preescolar,2019 - 05,Si
89962.0,Alim. Y Nut. Salud,2019 - 08,No
86650.0,Prog. Neuroling.,2019 - 07,Si
83577.0,Crianza Hijos,2019 - 06,No
79144.0,Prof. Deportiva.,2019 - 05,No
72874.0,Estrategia Tal. Hum.,2019 - 02,No
78576.0,Lider. Inst. Edu.,2019 - 04,No
64463.0,Comp. Dig. Docentes,2018 - 05,No
83621.0,Admon Fin.,2019 - 06,Si
90937.0,Psicopat. Adol.,2019 - 08,Si
76690.0,Bien. Salud y Calidad,2019 - 04,No
73926.0,Alim. Y Nut. Salud,2019 - 02,Si
78290.0,Alim. Y Nut. Salud,2019 - 04,No
73378.0,Direc. Proy.,2019 - 02,Si
80687.0,E. Lectoescritura,2019 - 05,Si
79066.0,Efect. Cap. Hum.,2019 - 05,Si
87854.0,Educacion,2019 - 08,No
86924.0,Adm. Salud,2019 - 07,Si
65514.0,Direc. Proy.,2018 - 06,Si
70201.0,Diagn. Psicoped.,2019 - 01,Si
75837.0,E-Commerce,2019 - 04,No
45931.0,Direc. Proy.,2017 - 03,No
68734.0,Efect. Cap. Hum.,2018 - 08,No
74914.0,Inn. Negocios,2019 - 03,Si
81688.0,Educacion,2019 - 06,No
84559.0,Prot. Datos. P,2019 - 07,No
77830.0,Admon Fin.,2019 - 04,Si
86662.0,Blockchain,2019 - 07,Si
75607.0,Fin. Corp. Avan.,2019 - 03,Si
90599.0,Inn. Negocios,2019 - 08,No
79602.0,Direc. Proy.,2019 - 05,Si
68470.0,Big Data,2018 - 08,No
89266.0,Est. Temprana,2019 - 08,Si
88782.0,Oren. Edu. Fam,2019 - 08,Si
80024.0,Alim. Y Nut. Salud,2019 - 05,No
83037.0,Alim. Y Nut. Salud,2019 - 06,Si
63657.0,Gest. Tal.,2018 - 05,No
76939.0,Programacion de Apps,2019 - 04,Si
90456.0,Adm. Emp.,2019 - 08,Si
90361.0,Gest. Esc.,2019 - 08,No
82024.0,Adm. Salud,2019 - 06,Si
67647.0,Educacion,2018 - 07,Si
65939.0,Lider. Inst. Edu.,2018 - 06,No
80918.0,Lider. Inst. Edu.,2019 - 05,Si
77531.0,Alim. Y Nut. Salud,2019 - 04,Si
74260.0,Psicoped. Escolar,2019 - 02,No
81230.0,E. Lectoescritura,2019 - 05,No
78230.0,Alim. Y Nut. Salud,2019 - 04,No
77201.0,Ventas Estrat.,2019 - 04,Si
57625.0,Inn. Tec. Edu.,2018 - 02,No
78950.0,Cloud Computing,2019 - 05,Si
74520.0,Admon Fin.,2019 - 03,No
83616.0,Com. Corp.,2019 - 07,Si
83234.0,Alim. Y Nut. Salud,2019 - 06,No
76294.0,Big Data,2019 - 03,No
77638.0,Est. Temprana,2019 - 04,No
85852.0,I. A.,2019 - 07,No
88850.0,E. Lectoescritura,2019 - 08,No
84995.0,Prin. Fiscales,2019 - 07,No
56993.0,Mercadotecnia,2018 - 02,Si
65750.0,Comp. Directivas,2018 - 06,Si
82340.0,Direc. Estrat. Neg,2019 - 06,No
89617.0,Exp. Clin. Elec.,2019 - 08,No
77960.0,Est. Temprana,2019 - 04,Si
90018.0,E. Lectoescritura,2019 - 08,No
84170.0,Edu. Preescolar,2019 - 06,No
80253.0,Programacion de Apps,2019 - 05,Si
80360.0,Direc. Estrat. Neg,2019 - 05,Si
85656.0,B. I.,2019 - 07,Si
72060.0,Big Data,2019 - 01,No
80393.0,Prof. Deportiva.,2019 - 05,Si
64464.0,Direc. Proy.,2018 - 05,Si
68863.0,Big Data,2018 - 08,No
79868.0,Alim. Y Nut. Salud,2019 - 05,No
72680.0,Psicoped. Escolar,2019 - 02,Si
88220.0,Adm. Emp.,2019 - 08,No
51404.0,Planeacion Estrat.,2017 - 06,Si
71566.0,Neuromarketing,2019 - 01,Si
46106.0,Gest. Esc.,2017 - 03,Si
78574.0,Big Data,2019 - 04,Si
74568.0,Ventas Estrat.,2019 - 02,No
80374.0,E. Lectoescritura,2019 - 05,No
78424.0,Est. Temprana,2019 - 04,No
82819.0,Alim. Y Nut. Salud,2019 - 06,No
78951.0,Est. Temprana,2019 - 05,No
83714.0,Adm. Emp.,2019 - 06,No
77871.0,Comp. Dig. Docentes,2019 - 06,No
87101.0,Psicopat. Adol.,2019 - 07,Si
71792.0,Psicoped. Escolar,2019 - 01,Si
71027.0,Neuromarketing,2019 - 01,Si
87089.0,E. Lectoescritura,2019 - 07,No
78220.0,B. I.,2019 - 05,Si
73998.0,Estrat. Comercial,2019 - 02,No
83823.0,Desarrollo Mot.,2019 - 06,No
81133.0,Edu. Preescolar,2019 - 06,No
66338.0,Hab. Geren.,2018 - 07,No
88327.0,Est. Temprana,2019 - 08,Si
85829.0,Ventas Estrat.,2019 - 07,Si
77611.0,Est. Temprana,2019 - 04,No
74347.0,Psicoped. Escolar,2019 - 02,No
79438.0,Edu. Preescolar,2019 - 05,Si
84304.0,Diagn. Psicoped.,2019 - 06,Si
72487.0,Diagn. Psicoped.,2019 - 01,Si
79054.0,Admon Fin.,2019 - 06,No
89767.0,Big Data,2019 - 08,Si
61060.0,Lider. Inst. Edu.,2018 - 03,Si
71559.0,Big Data,2019 - 01,No
84681.0,Obesidad. Inf.,2019 - 07,Si
79146.0,Alim. Y Nut. Salud,2019 - 05,Si
58865.0,Gest. Esc.,2018 - 03,Si
67646.0,Educacion,2018 - 07,No
64774.0,Intro. Fin,2018 - 06,No
88469.0,Fintech,2019 - 08,No
89618.0,E-Commerce,2019 - 08,No
81654.0,Direc. Proy.,2019 - 06,Si
51382.0,Inn. Tec. Edu.,2017 - 06,No
86038.0,Est. Temprana,2019 - 07,Si
90363.0,Ciberseguridad,2019 - 08,No
68835.0,Des. Cap. Hum.,2018 - 08,Si
86678.0,B. I.,2019 - 07,Si
80394.0,Direc. Proy.,2019 - 05,Si
71796.0,Hab. Geren.,2019 - 01,Si
82574.0,Bien. Salud y Calidad,2019 - 06,Si
88993.0,Direc. Proy.,2019 - 08,No
80148.0,Design Think,2019 - 05,No
84228.0,Trastornos Alimen.,2019 - 06,Si
77516.0,Alim. Y Nut. Salud,2019 - 04,No
83215.0,Interv. Edu.,2019 - 06,Si
82265.0,Alim. Y Nut. Salud,2019 - 06,Si
70529.0,Inn. Tec. Edu.,2019 - 01,Si
76133.0,Des. Neg. y Empren.,2019 - 03,No
81394.0,Gest. Esc.,2019 - 05,No
91331.0,Gest. Esc.,2019 - 08,No
84150.0,Alim. Y Nut. Salud,2019 - 06,No
79768.0,Calidad Educativa,2019 - 05,No
79202.0,Coaching de Vida,2019 - 05,No
87419.0,Direc. Emp. Fam.,2019 - 07,No
86486.0,Inn. Negocios,2019 - 07,No
66827.0,Planeacion Estrat.,2018 - 07,No
51661.0,Lider. Inst. Edu.,2017 - 06,No
78713.0,Calidad Educativa,2019 - 04,Si
76199.0,Big Data,2019 - 04,No
80570.0,Design Think,2019 - 05,No
74681.0,Educacion,2019 - 03,No
89777.0,Est. Temprana,2019 - 08,Si
86631.0,Mkt. Digital,2019 - 07,No
72117.0,Comp. Dig. Docentes,2019 - 01,No
50261.0,Intro. Fin,2017 - 05,No
56204.0,Planeacion Estrat.,2018 - 01,Si
73869.0,Educacion,2019 - 02,Si
80654.0,E. Lectoescritura,2019 - 06,No
73252.0,Neuromarketing,2019 - 02,No
82817.0,E. Lectoescritura,2019 - 06,Si
78438.0,Des. Neg. y Empren.,2019 - 04,No
75782.0,Alim. Y Nut. Salud,2019 - 03,Si
80513.0,E. Lectoescritura,2019 - 05,No
89156.0,Blockchain,2019 - 08,No
84844.0,Lider. Inst. Edu.,2019 - 07,Si
89867.0,Desarrollo Mot.,2019 - 08,No
54161.0,Gest. Tal.,2017 - 08,No
78412.0,Alim. Y Nut. Salud,2019 - 04,No
85919.0,E. Lectoescritura,2019 - 07,No
91054.0,Coaching de Vida,2019 - 08,Si
78722.0,B. I.,2019 - 04,Si
69362.0,Big Data,2018 - 08,No
89155.0,Comp. Doc. S XXI,2019 - 08,Si
84820.0,Psicopat. Adol.,2019 - 07,No
69361.0,Psicoped. Escolar,2018 - 08,Si
83493.0,Com. Corp.,2019 - 06,Si
50879.0,Planeacion Estrat.,2017 - 05,No
62944.0,Inn. Tec. Edu.,2018 - 04,Si
71473.0,Mercadotecnia,2019 - 03,No
56126.0,Educacion,2018 - 01,Si
89527.0,Hab. Geren.,2019 - 08,Si
85587.0,Adm. Emp.,2019 - 07,No
80218.0,Coaching de Vida,2019 - 05,Si
80001.0,E. Lectoescritura,2019 - 05,Si
82469.0,Direc. Emp. Fam.,2019 - 06,Si
61642.0,Gest. Tal.,2018 - 04,Si
87453.0,Alim. Y Nut. Salud,2019 - 07,Si
79599.0,Alim. Y Nut. Salud,2019 - 05,Si
71353.0,Efect. Cap. Hum.,2019 - 01,No
78850.0,Neuromarketing,2019 - 04,Si
91202.0,Programacion de Apps,2019 - 08,No
84232.0,Alim. Y Nut. Salud,2019 - 06,Si
73857.0,Alim. Y Nut. Salud,2019 - 02,Si
70123.0,Interv. Psicoped,2019 - 01,No
60924.0,Hab. Geren.,2018 - 04,Si
73672.0,Alim. Y Nut. Salud,2019 - 02,No
63100.0,Intro. Fin,2018 - 05,Si
76740.0,Inn. Diseno Edu.,2019 - 04,Si
88918.0,Est. Temprana,2019 - 08,Si
85520.0,Prot. Datos. P,2019 - 07,No
89674.0,Planeacion Estrat.,2019 - 08,No
56084.0,Direc. Proy.,2018 - 01,Si
76212.0,Hab. Geren.,2019 - 03,No
83825.0,Alim. Y Nut. Salud,2019 - 06,Si
77482.0,Est. Temprana,2019 - 04,Si
91145.0,Hab. Geren.,2019 - 08,No
88720.0,Adm. Salud,2019 - 08,Si
89288.0,Dere. Sanitario,2019 - 08,Si
77517.0,Interv. Psicoped,2019 - 04,Si
68118.0,Inn. Tec. Edu.,2018 - 08,Si
89271.0,Mkt. Digital,2019 - 08,No
80779.0,Precios Transf.,2019 - 05,Si
86285.0,Alim. Y Nut. Salud,2019 - 07,Si
78354.0,B. I.,2019 - 04,No
88915.0,Prog. Neuroling.,2019 - 08,Si
67730.0,Ventas Estrat.,2018 - 07,Si
79529.0,Mkt. Digital,2019 - 05,Si
68872.0,Big Data,2019 - 04,Si
87773.0,Est. Temprana,2019 - 08,Si
77732.0,Diagn. Psicoped.,2019 - 04,Si
88739.0,Des. Neg. y Empren.,2019 - 08,No
90286.0,Inn. Diseno Edu.,2019 - 08,No
73340.0,Neuromarketing,2019 - 02,No
64816.0,Comp. Directivas,2018 - 06,Si
85767.0,Inv. Mercados,2019 - 07,No
88489.0,Admon Fin.,2019 - 08,Si
74142.0,Alim. Y Nut. Salud,2019 - 02,No
61816.0,Hab. Geren.,2018 - 04,No
63597.0,Direc. Proy.,2018 - 05,Si
83121.0,Edu. Preescolar,2019 - 06,Si
67536.0,Comp. Directivas,2018 - 07,No
71979.0,Comp. Directivas,2019 - 01,Si
78338.0,Est. Temprana,2019 - 04,No
68026.0,Comp. Directivas,2018 - 07,Si
74666.0,Alim. Y Nut. Salud,2019 - 03,Si
83407.0,Mercadotecnia,2019 - 07,No
56131.0,Planeacion Estrat.,2018 - 01,Si
77678.0,Crianza Hijos,2019 - 04,No
79371.0,E-Commerce,2019 - 05,No
86851.0,Des. Videojuegos,2019 - 07,No
74987.0,Alim. Y Nut. Salud,2019 - 03,Si
72520.0,Educacion,2019 - 01,Si
85584.0,Programacion de Apps,2019 - 08,No
66269.0,Comp. Directivas,2018 - 06,Si
78693.0,Mercadotecnia,2019 - 04,Si
91177.0,Coaching de Vida,2019 - 08,No
55596.0,Educacion,2018 - 03,No
78250.0,Intro. Fin,2019 - 04,Si
82954.0,Lider. Inst. Edu.,2019 - 06,No
70697.0,Big Data,2019 - 01,Si
63675.0,Hab. Geren.,2018 - 05,Si
74737.0,Neuromarketing,2019 - 03,No
59598.0,Gest. Tal.,2018 - 03,No
62489.0,Comp. Directivas,2018 - 05,No
85012.0,Prog. Neuroling.,2019 - 07,Si
84999.0,Hist. Arte. Medieval,2019 - 07,Si
85960.0,Coaching de Vida,2019 - 07,No
67437.0,Educacion,2018 - 07,No
71858.0,Neuromarketing,2019 - 01,Si
47028.0,Intro. Fin,2017 - 04,No
46063.0,Comp. Dig. Docentes,2017 - 03,Si
83042.0,Direc. Proy.,2019 - 06,Si
68653.0,Lider. Inst. Edu.,2018 - 08,Si
74336.0,Admon Fin.,2019 - 02,No
78174.0,Mkt. Digital,2019 - 04,Si
84733.0,Edu. Preescolar,2019 - 07,No
72201.0,Interv. Psicoped,2019 - 01,Si
69090.0,Direc. Proy.,2018 - 08,No
75172.0,Mercadotecnia,2019 - 03,Si
87143.0,E. Lectoescritura,2019 - 07,Si
85865.0,Mkt. Farmaceutico,2019 - 07,Si
89956.0,Alim. Y Nut. Salud,2019 - 08,Si
85314.0,E. Lectoescritura,2019 - 07,No
89270.0,Adm. Emp.,2019 - 08,No
64177.0,Gest. Tal.,2018 - 05,Si
80428.0,Alim. Y Nut. Salud,2019 - 05,No
64638.0,Lider. Inst. Edu.,2018 - 05,Si
68246.0,Interv. Psicoped,2018 - 08,Si
62470.0,Mercadotecnia,2018 - 04,Si
80641.0,Adm. Salud,2019 - 05,Si
80923.0,Calidad Educativa,2019 - 05,No
69134.0,Planeacion Estrat.,2018 - 08,Si
57972.0,Mercadotecnia,2018 - 02,No
83692.0,Hab. Geren.,2019 - 06,No
50955.0,Gest. Tal.,2017 - 05,Si
85157.0,Blockchain,2019 - 07,Si
90610.0,Est. Temprana,2019 - 08,Si
78314.0,Des. Neg. y Empren.,2019 - 04,No
83925.0,Adm. Salud,2019 - 06,Si
46374.0,Educacion,2017 - 03,Si
68538.0,Estrat. Comercial,2018 - 08,No
78126.0,Est. Prac. Edu.,2019 - 04,Si
83045.0,Estrat. Comercial,2019 - 06,Si
47679.0,Intro. Fin,2017 - 04,Si
71461.0,Hab. Geren.,2019 - 01,No
74768.0,Diagn. Psicoped.,2019 - 03,No
77782.0,B. I.,2019 - 04,Si
53197.0,Gest. Esc.,2017 - 08,Si
69182.0,Diagn. Psicoped.,2018 - 08,Si
83891.0,E-Commerce,2019 - 06,Si
76433.0,E-Commerce,2019 - 03,No
74033.0,Alim. Y Nut. Salud,2019 - 02,No
74437.0,Direc. Proy.,2019 - 04,Si
68438.0,Planeacion Estrat.,2018 - 08,Si
64813.0,Hab. Geren.,2018 - 06,Si
78216.0,Alim. Y Nut. Salud,2019 - 04,Si
61778.0,Educacion,2018 - 04,No
70820.0,Big Data,2019 - 01,Si
62044.0,Gest. Tal.,2018 - 04,Si
62727.0,Hab. Geren.,2018 - 04,Si
80756.0,Edu. Preescolar,2019 - 05,Si
74952.0,Educacion,2019 - 03,No
79609.0,Alim. Y Nut. Salud,2019 - 05,No
83962.0,Alim. Y Nut. Salud,2019 - 06,No
82706.0,Est. Temprana,2019 - 06,No
86628.0,Hist. Arte. Medieval,2019 - 07,No
87714.0,Inn. Tec. Edu.,2019 - 08,No
86638.0,Ventas Estrat.,2019 - 07,No
85243.0,Big Data,2019 - 07,No
87642.0,E. Lectoescritura,2019 - 08,Si
74157.0,Estrategia Tal. Hum.,2019 - 02,Si
75061.0,Alim. Y Nut. Salud,2019 - 03,No
69812.0,Big Data,2019 - 03,No
86385.0,Admon Fin.,2019 - 07,Si
74052.0,Big Data,2019 - 02,No
80508.0,Comp. Dig. Docentes,2019 - 05,No
46561.0,Comp. Dig. Docentes,2017 - 04,No
74149.0,Direc. Proy.,2019 - 02,Si
80749.0,Edu. Preescolar,2019 - 05,Si
76281.0,Alim. Y Nut. Salud,2019 - 03,Si
80244.0,Prof. Deportiva.,2019 - 05,No
69776.0,Fin. Corp. Avan.,2018 - 08,No
72594.0,Big Data,2019 - 01,Si
57135.0,Mercadotecnia,2018 - 02,No
86007.0,Alim. Y Nut. Salud,2019 - 07,No
76872.0,Prof. Deportiva.,2019 - 04,Si
51469.0,Inn. Tec. Edu.,2017 - 06,Si
72621.0,Gest. Esc.,2019 - 02,Si
70725.0,Direc. Proy.,2019 - 01,Si
88341.0,Admon Fin.,2019 - 08,No
61929.0,Lider. Inst. Edu.,2018 - 04,No
75368.0,Cloud Computing,2019 - 04,No
90177.0,Big Data,2019 - 08,No
70604.0,Ventas Estrat.,2019 - 08,No
90128.0,Trastornos Alimen.,2019 - 08,No
83790.0,Alim. Y Nut. Salud,2019 - 07,No
67684.0,Educacion,2018 - 07,No
80865.0,E. Lectoescritura,2019 - 05,No
46466.0,Hab. Geren.,2017 - 03,Si
70525.0,Direc. Estrat. Neg,2019 - 01,No
89422.0,Alim. Y Nut. Salud,2019 - 08,Si
53328.0,Educacion,2017 - 07,No
75558.0,Fin. Corp. Avan.,2019 - 08,No
78416.0,Interv. Psicoped,2019 - 04,No
66944.0,Planeacion Estrat.,2018 - 07,No
80175.0,Adm. Emp.,2019 - 05,No
71814.0,Psicoped. Escolar,2019 - 01,No
66924.0,Ventas Estrat.,2018 - 07,No
85841.0,Est. Temprana,2019 - 07,Si
76055.0,Big Data,2019 - 03,No
82000.0,Marca Personal,2019 - 06,No
88507.0,Mkt. Digital,2019 - 08,Si
74469.0,Lider. Inst. Edu.,2019 - 02,Si
78626.0,Admon Fin.,2019 - 04,Si
90605.0,Alim. Y Nut. Salud,2019 - 08,No
89526.0,Est. Temprana,2019 - 08,No
78566.0,Ventas Estrat.,2019 - 04,Si
88514.0,Prof. Deportiva.,2019 - 08,Si
47000.0,Comp. Directivas,2017 - 04,Si
81617.0,Psicoped. Escolar,2019 - 06,No
77360.0,Alim. Y Nut. Salud,2019 - 04,Si
75795.0,Direc. Estrat. Neg,2019 - 03,No
78262.0,Hab. Geren.,2019 - 04,No
87017.0,Trastornos Alimen.,2019 - 07,Si
91193.0,Inn. Tec. Edu.,2019 - 08,Si
82761.0,Educacion,2019 - 06,No
77427.0,Cloud Computing,2019 - 04,No
73177.0,Big Data,2019 - 02,Si
87957.0,Coaching de Vida,2019 - 08,Si
83201.0,Prot. Datos. P,2019 - 06,Si
79588.0,Adm. Emp.,2019 - 05,Si
82290.0,E. Lectoescritura,2019 - 07,Si
77892.0,Admon Fin.,2019 - 04,No
88516.0,Prof. Deportiva.,2019 - 08,Si
74997.0,Planeacion Estrat.,2019 - 03,Si
87067.0,Est. Temprana,2019 - 07,Si
81366.0,Crianza Hijos,2019 - 05,No
58646.0,Inn. Tec. Edu.,2018 - 02,No
82127.0,Obesidad. Inf.,2019 - 06,Si
80257.0,Coaching de Vida,2019 - 05,Si
71297.0,Intro. Fin,2019 - 01,No
72550.0,Fin. Corp. Avan.,2019 - 02,No
46569.0,Intro. Fin,2017 - 03,No
74525.0,Mercadotecnia,2019 - 02,No
82476.0,Crianza Hijos,2019 - 06,No
79442.0,Adm. Salud,2019 - 05,No
76656.0,B. I.,2019 - 04,Si
74102.0,Prog. Neuroling.,2019 - 07,No
80173.0,E. Lectoescritura,2019 - 05,No
77808.0,Alim. Y Nut. Salud,2019 - 04,No
86819.0,Prof. Deportiva.,2019 - 07,Si
79600.0,B. I.,2019 - 05,Si
82688.0,Alim. Y Nut. Salud,2019 - 06,Si
78921.0,Neuromarketing,2019 - 05,Si
73968.0,Intro. Fin,2019 - 02,Si
58498.0,Mercadotecnia,2018 - 03,Si
78030.0,Com. Corp.,2019 - 04,No
83666.0,B. I.,2019 - 06,Si
83786.0,Est. Prac. Edu.,2019 - 06,Si
81781.0,Edu. Preescolar,2019 - 06,Si
81936.0,Alim. Y Nut. Salud,2019 - 06,Si
58035.0,Mercadotecnia,2018 - 02,No
82849.0,Alim. Y Nut. Salud,2019 - 06,Si
86369.0,Ventas Estrat.,2019 - 07,Si
61438.0,Intro. Fin,2018 - 04,No
72883.0,Ventas Estrat.,2019 - 02,No
89621.0,Direc. Proy.,2019 - 08,No
65313.0,Gest. Tal.,2018 - 06,Si
78674.0,Direc. Emp. Fam.,2019 - 04,Si
74615.0,Neuromarketing,2019 - 03,No
73760.0,Neuromarketing,2019 - 02,No
89230.0,Admon Fin.,2019 - 08,No
86920.0,Adm. Emp.,2019 - 07,No
78287.0,Coaching de Vida,2019 - 04,No
60542.0,Estrat. Comercial,2018 - 03,Si
80155.0,Crianza Hijos,2019 - 05,No
87427.0,Diagn. Psicoped.,2019 - 07,Si
72911.0,Psicoped. Escolar,2019 - 02,No
80600.0,E. Lectoescritura,2019 - 05,Si
90892.0,Direc. Estrat. Neg,2019 - 08,Si
76821.0,Alim. Y Nut. Salud,2019 - 04,Si
81612.0,Mkt. Digital,2019 - 06,Si
77765.0,B. I.,2019 - 04,Si
89500.0,Neg. Dig. Y Eco. C.,2019 - 08,No
80283.0,Intro. Fin,2019 - 06,Si
83392.0,Estrategia Tal. Hum.,2019 - 06,No
65869.0,Educacion,2018 - 06,Si
80441.0,E-Commerce,2019 - 05,No
68033.0,Big Data,2018 - 08,Si
57760.0,Hab. Geren.,2018 - 02,Si
53687.0,Comp. Dig. Docentes,2017 - 08,Si
74210.0,Alim. Y Nut. Salud,2019 - 02,No
77045.0,Alim. Y Nut. Salud,2019 - 04,Si
75882.0,Des. Cap. Hum.,2019 - 03,Si
80933.0,E. Lectoescritura,2019 - 05,No
75788.0,Bien. Salud y Calidad,2019 - 03,No
54120.0,Direc. Proy.,2017 - 08,No
81650.0,Lider. Inst. Edu.,2019 - 06,No
81676.0,Adm. Salud,2019 - 06,No
69454.0,Educacion,2018 - 08,Si
87960.0,Prot. Datos. P,2019 - 08,Si
86040.0,Interv. Psicoped,2019 - 07,No
89160.0,I. A.,2019 - 08,Si
65848.0,Direc. Proy.,2018 - 06,Si
83575.0,Mkt. Digital,2019 - 06,No
73708.0,Educacion,2019 - 02,Si
73725.0,Diagn. Psicoped.,2019 - 02,No
84438.0,Alim. Y Nut. Salud,2019 - 07,Si
82223.0,Design Think,2019 - 06,Si
75948.0,Mkt. Digital,2019 - 03,No
56822.0,Hab. Geren.,2018 - 02,Si
78615.0,Direc. Emp. Fam.,2019 - 04,No
79060.0,Gest. Esc.,2019 - 05,No
85176.0,Mkt. Farmaceutico A.,2019 - 07,Si
88656.0,Adm. Emp.,2019 - 08,No
85394.0,Marca Personal,2019 - 07,Si
88349.0,Planeacion Estrat.,2019 - 08,Si
78945.0,Alim. Y Nut. Salud,2019 - 05,Si
47072.0,Intro. Fin,2017 - 05,No
74403.0,Planeacion Estrat.,2019 - 02,Si
80919.0,Gest. Esc.,2019 - 05,No
81140.0,E-Commerce,2019 - 05,No
56228.0,Mercadotecnia,2018 - 01,No
82255.0,Diagn. Psicoped.,2019 - 07,No
81181.0,E. Lectoescritura,2019 - 06,No
84073.0,Alim. Y Nut. Salud,2019 - 06,Si
68379.0,Big Data,2018 - 08,No
68690.0,Big Data,2018 - 08,No
76571.0,B. I.,2019 - 03,No
80149.0,Comp. Directivas,2019 - 05,No
85528.0,Est. Temprana,2019 - 07,Si
81685.0,Desarrollo Mot.,2019 - 06,Si
88395.0,Trastornos Alimen.,2019 - 08,No
83009.0,Big Data,2019 - 06,Si
87804.0,Mercadotecnia,2019 - 08,No
69127.0,Direc. Estrat. Neg,2018 - 08,No
91035.0,Adm. Emp.,2019 - 08,No
87173.0,Alim. Y Nut. Salud,2019 - 07,No
82920.0,Calidad Educativa,2019 - 06,No
88870.0,B. I.,2019 - 08,No
71723.0,Neuromarketing,2019 - 01,No
88340.0,Blockchain,2019 - 08,No
85155.0,E-Commerce,2019 - 07,Si
78846.0,Programacion de Apps,2019 - 04,No
90907.0,Adm. Emp.,2019 - 08,No
87333.0,Inn. Tec. Edu.,2019 - 07,No
76082.0,Inn. Negocios,2019 - 03,No
82115.0,Mkt. Digital,2019 - 06,No
75634.0,Direc. Estrat. Neg,2019 - 03,No
85393.0,Lider. Inst. Edu.,2019 - 07,No
62400.0,Direc. Proy.,2018 - 04,Si
50134.0,Mercadotecnia,2017 - 05,Si
52000.0,Gest. Tal.,2017 - 06,Si
89394.0,Direc. Emp. Fam.,2019 - 08,No
88321.0,Alim. Y Nut. Salud,2019 - 08,No
85013.0,Direc. Proy.,2019 - 07,No
76285.0,Alim. Y Nut. Salud,2019 - 04,Si
62471.0,Comp. Directivas,2018 - 04,Si
67777.0,Mercadotecnia,2018 - 07,No
50287.0,Direc. Proy.,2017 - 05,Si
56351.0,Planeacion Estrat.,2018 - 01,Si
78400.0,Est. Temprana,2019 - 04,Si
65801.0,Big Data,2019 - 04,No
82334.0,Desarrollo Mot.,2019 - 06,Si
82836.0,P. Aux. Psic.,2019 - 06,No
81355.0,Diagn. Psicoped.,2019 - 05,Si
65787.0,Comp. Directivas,2018 - 06,No
77786.0,Efect. Cap. Hum.,2019 - 04,Si
88791.0,Hab. Geren.,2019 - 08,No
66030.0,Direc. Proy.,2018 - 06,No
83791.0,Inn. Diseno Edu.,2019 - 06,No
77071.0,Direc. Proy.,2019 - 04,Si
85835.0,Big Data,2019 - 07,Si
78636.0,Prof. Deportiva.,2019 - 04,No
61738.0,Comp. Directivas,2018 - 04,Si
73368.0,Comp. Directivas,2019 - 02,Si
87351.0,Est. Temprana,2019 - 07,No
90500.0,Est. Temprana,2019 - 08,No
81315.0,Edu. Preescolar,2019 - 05,No
62749.0,Educacion,2018 - 04,Si
86048.0,Marca Personal,2019 - 07,No
87070.0,Alim. Y Nut. Salud,2019 - 07,No
80647.0,Planeacion Estrat.,2019 - 05,No
86386.0,Psicoped. Escolar,2019 - 07,No
52388.0,Gest. Tal.,2017 - 06,No
84949.0,Alim. Y Nut. Salud,2019 - 07,No
71043.0,Comp. Directivas,2019 - 02,Si
80376.0,Alim. Y Nut. Salud,2019 - 05,Si
81753.0,Est. Temprana,2019 - 06,No
69052.0,Admon Fin.,2018 - 08,Si
78485.0,Interv. Psicoped,2019 - 04,Si
57412.0,Educacion,2018 - 02,Si
74340.0,Bien. Salud y Calidad,2019 - 02,Si
83237.0,E. Lectoescritura,2019 - 06,No
66857.0,Intro. Fin,2018 - 07,No
76671.0,Est. Temprana,2019 - 04,Si
67917.0,Educacion,2018 - 08,Si
71531.0,Educacion,2019 - 01,Si
84665.0,Inn. Tec. Edu.,2019 - 07,No
64039.0,Comp. Directivas,2018 - 05,No
74137.0,Direc. Proy.,2019 - 02,Si
76289.0,Big Data,2019 - 03,Si
83388.0,Trastornos Alimen.,2019 - 06,No
77802.0,Direc. Proy.,2019 - 04,Si
68122.0,Hab. Geren.,2018 - 08,No
84523.0,Educacion,2019 - 07,No
79505.0,Comp. Directivas,2019 - 05,No
86003.0,P. Aux. Psic.,2019 - 07,No
71118.0,Big Data,2019 - 01,No
68377.0,Planeacion Estrat.,2018 - 08,Si
60031.0,Comp. Directivas,2018 - 03,Si
78698.0,Fin. Corp. Avan.,2019 - 04,Si
75054.0,Ventas Estrat.,2019 - 03,No
82997.0,Edu. Preescolar,2019 - 06,No
81324.0,Admon Fin.,2019 - 05,No
79946.0,Alim. Y Nut. Salud,2019 - 05,Si
76595.0,Comp. Dig. Docentes,2019 - 03,Si
86929.0,Alim. Y Nut. Salud,2019 - 07,No
85007.0,Diagn. Psicoped.,2019 - 07,No
76353.0,Alim. Y Nut. Salud,2019 - 03,No
54807.0,Mercadotecnia,2017 - 08,No
85837.0,Bus. Analytics,2019 - 07,No
58642.0,Hab. Geren.,2018 - 02,Si
77010.0,Alim. Y Nut. Salud,2019 - 04,No
86150.0,P. Aux. Psic.,2019 - 08,No
74765.0,Interv. Edu.,2019 - 03,No
77309.0,Big Data,2019 - 04,Si
69739.0,Ventas Estrat.,2018 - 08,No
53941.0,Mercadotecnia,2017 - 08,No
76450.0,Inn. Negocios,2019 - 03,No
82170.0,Direc. Proy.,2019 - 06,No
87012.0,Estrategia Tal. Hum.,2019 - 07,No
82701.0,Desarrollo Mot.,2019 - 06,Si
84485.0,Alim. Y Nut. Salud,2019 - 07,Si
68807.0,Direc. Estrat. Neg,2018 - 08,Si
76910.0,Des. Neg. y Empren.,2019 - 04,No
78524.0,Est. Temprana,2019 - 04,No
84302.0,Crianza Hijos,2019 - 06,Si
82791.0,Adm. Salud,2019 - 06,Si
65590.0,Gest. Tal.,2018 - 06,Si
86207.0,Adm. Emp.,2019 - 07,Si
58454.0,Educacion,2018 - 02,Si
72937.0,Inn. Negocios,2019 - 02,No
76155.0,Educacion,2019 - 03,Si
81330.0,Edu. Preescolar,2019 - 05,Si
90325.0,Prog. Neuroling.,2019 - 08,Si
80299.0,B. I.,2019 - 05,No
89512.0,Alim. Y Nut. Salud,2019 - 08,No
81752.0,Adm. Emp.,2019 - 06,No
85325.0,Prof. Deportiva.,2019 - 07,Si
61982.0,Inn. Tec. Edu.,2018 - 04,No
46443.0,Educacion,2017 - 03,Si
65139.0,Comp. Directivas,2018 - 06,Si
75398.0,Hab. Geren.,2019 - 03,No
76554.0,Comp. Dig. Docentes,2019 - 03,No
79353.0,Prof. Deportiva.,2019 - 05,No
55156.0,Hab. Geren.,2018 - 01,No
79265.0,Adm. Salud,2019 - 05,Si
68395.0,Big Data,2018 - 08,No
88372.0,Coaching de Vida,2019 - 08,Si
85076.0,Alim. Y Nut. Salud,2019 - 07,No
83091.0,Mkt. Farmaceutico A.,2019 - 06,Si
88729.0,Hab. Geren.,2019 - 08,Si
87974.0,Alim. Y Nut. Salud,2019 - 08,Si
84303.0,Hab. Geren.,2019 - 06,Si
78612.0,Alim. Y Nut. Salud,2019 - 04,Si
74432.0,Admon Fin.,2019 - 02,Si
80840.0,Des. Neg. y Empren.,2019 - 05,Si
69307.0,Direc. Estrat. Neg,2018 - 08,No
45905.0,Intro. Fin,2017 - 03,No
85252.0,Admon Fin.,2019 - 07,Si
83159.0,Alim. Y Nut. Salud,2019 - 06,Si
87193.0,Design Think,2019 - 07,Si
80085.0,Alim. Y Nut. Salud,2019 - 05,Si
87231.0,Alim. Y Nut. Salud,2019 - 07,No
85819.0,Adm. Emp.,2019 - 07,No
90389.0,Est. Temprana,2019 - 08,No
82628.0,Mkt. Digital,2019 - 06,Si
89003.0,Est. Temprana,2019 - 08,No
81391.0,Interv. Psicoped,2019 - 05,Si
70956.0,Admon Fin.,2019 - 01,No
84151.0,Trastornos Alimen.,2019 - 06,Si
80475.0,E. Lectoescritura,2019 - 05,No
77676.0,Fin. Corp. Avan.,2019 - 04,Si
80378.0,Direc. Emp. Fam.,2019 - 05,No
75290.0,Alim. Y Nut. Salud,2019 - 03,Si
82936.0,Coaching de Vida,2019 - 06,Si
73904.0,Big Data,2019 - 02,Si
77671.0,Alim. Y Nut. Salud,2019 - 04,Si
84572.0,Com. Corp.,2019 - 07,Si
76266.0,Direc. Proy.,2019 - 03,Si
82090.0,Adm. Salud,2019 - 06,Si
68358.0,Big Data,2018 - 08,Si
89685.0,Estrat. Comercial,2019 - 08,No
77590.0,Crianza Hijos,2019 - 06,Si
57623.0,Mercadotecnia,2018 - 02,Si
50018.0,Lider. Inst. Edu.,2017 - 05,No
88250.0,Prof. Deportiva.,2019 - 08,No
