reducido,2017 - 03,2017 - 04,2017 - 05,2017 - 06,2017 - 07,2017 - 08,2018 - 01,2018 - 02,2018 - 03,2018 - 04,2018 - 05,2018 - 06,2018 - 07,2018 - 08,2019 - 01,2019 - 02,2019 - 03,2019 - 04,2019 - 05,2019 - 06,2019 - 07,2019 - 08,2020 - 01,2020 - 02,2020 - 03,2020 - 04,2020 - 05,2020 - 06
Act. Derecho Contratual,Sin clase,Sin clase,Sin clase,Sin clase,Sin clase,Sin clase,Sin clase,Sin clase,Sin clase,Sin clase,Sin clase,Sin clase,Sin clase,Sin clase,Sin clase,Sin clase,Sin clase,Sin clase,Sin clase,Sin clase,Sin clase,Sin clase,Consentimiento y objeto digital contractual,Métodos alternos de resolución de controversias,Nueva clasificación contractual,Nuevo derecho probatorio documental,Contratos inteligentes,Consentimiento y objeto digital contractual
Adm. Emp.,Sin clase,Sin clase,Sin clase,Sin clase,Sin clase,Sin clase,Sin clase,Sin clase,Sin clase,Sin clase,Sin clase,Sin clase,Sin clase,Sin clase,Sin clase,Sin clase,Sin clase,Sin clase,Mercadotecnia Estratégica,Contabilidad Financiera y Presupuestos,Administración de costos,Impuestos,Desafíos actuales en la Dirección del Capital Humano,Mercadotecnia Estratégica,Contabilidad Financiera y Presupuestos,Administración de costos,Impuestos,Desafíos actuales en la Dirección del Capital Humano
Adm. Riesgos,Sin clase,Sin clase,Sin clase,Sin clase,Sin clase,Sin clase,Sin clase,Sin clase,Sin clase,Sin clase,Sin clase,Sin clase,Sin clase,Sin clase,Sin clase,Sin clase,Sin clase,Sin clase,Riesgos empresariales,Contabilidad Financiera y Presupuestos,Administración de riesgos,Evaluación de Riesgos,Toma de Decisiones,Riesgos empresariales,Contabilidad Financiera y Presupuestos,Administración de riesgos,Evaluación de Riesgos,Toma de Decisiones
Adm. Salud,Sin clase,Sin clase,Sin clase,Sin clase,Sin clase,Sin clase,Sin clase,Sin clase,Sin clase,Sin clase,Sin clase,Sin clase,Sin clase,Sin clase,Sin clase,Sin clase,Sin clase,Sin clase,Calidad en salud,Contabilidad Financiera y Presupuestos,Administración de costos,Salud pública,Planeación estratégica en salud,Calidad en salud,Contabilidad Financiera y Presupuestos,Planeación estratégica en salud,Salud pública,Planeación estratégica en salud
Admon Fin.,Sin clase,Sin clase,Sin clase,Sin clase,Sin clase,Sin clase,Sin clase,Sin clase,Sin clase,Sin clase,Sin clase,Sin clase,Sin clase,Decisión y Análisis de Inversión,Decisión de Financiamiento y Pago de Dividendos,Análisis de Estados Financieros,Estrategias de negocios,Planeación Financiera y Administración del Capital de Trabajo,Decisión y Análisis de Inversión,Decisión de Financiamiento y Pago de Dividendos,Análisis de Estados Financieros,Estrategias de negocios,Planeación Financiera y Administración del Capital de Trabajo,Decisión y Análisis de Inversión,Decisión de Financiamiento y Pago de Dividendos,Análisis de Estados Financieros,Estrategias de negocios,Planeación Financiera y Administración del Capital de Trabajo
Alim. Y Nut. Salud,Sin clase,Sin clase,Sin clase,Sin clase,Sin clase,Sin clase,Sin clase,Sin clase,Sin clase,Sin clase,Sin clase,Sin clase,Sin clase,Sin clase,Sin clase,Ambiente y conductas obesogénicas,Antecedentes y evolución de la alimentación,Composición corporal y metabolismo,Trastornos de la conducta alimentaria (TCA),"Alimentación, crecimiento y desarrollo",Ambiente y conductas obesogénicas,Antecedentes y evolución de la alimentación,Composición corporal y metabolismo,Trastornos de la conducta alimentaria (TCA),"Alimentación, crecimiento y desarrollo",Ambiente y conductas obesogénicas,Antecedentes y evolución de la alimentación,Composición corporal y metabolismo
Analitica Web,Sin clase,Sin clase,Sin clase,Sin clase,Sin clase,Sin clase,Sin clase,Sin clase,Sin clase,Sin clase,Sin clase,Sin clase,Sin clase,Sin clase,Sin clase,Sin clase,Sin clase,Sin clase,Sin clase,Sin clase,Sin clase,Sin clase,Sin clase,Marketing Analytics,Big data y Business Analyitics,Análisis y métrica web,Herramientas y optimización web,Análisis SEM/SEO
Autolesion,Sin clase,Sin clase,Sin clase,Sin clase,Sin clase,Sin clase,Sin clase,Sin clase,Sin clase,Sin clase,Sin clase,Sin clase,Sin clase,Sin clase,Sin clase,Sin clase,Sin clase,Sin clase,Sin clase,Sin clase,Introducción a las conductas de autolesión no suicida,Sin clase,Sin clase,Sin clase,Sin clase,Introducción a las conductas de autolesión no suicida,Causas asociadas a las conductas de autolesión. Abordando contextos,"Relación entre espacios cibernéticos, redes sociales  en  las conductas de autolesión"
B. I.,Sin clase,Sin clase,Sin clase,Sin clase,Sin clase,Sin clase,Sin clase,Sin clase,Sin clase,Sin clase,Sin clase,Sin clase,Sin clase,Sin clase,Sin clase,Sin clase,Business Understanding: Pensamiento analítico basado en datos.,Data Driven Decisions,Data Visualization: Llevando Power BI al límite.,Big data y Business Analyitics,Making Sense of Data: Modelación predictiva,Business Understanding: Pensamiento analítico basado en datos.,Data Driven Decisions,Data Visualization: Llevando Power BI al límite.,Big data y Business Analyitics,Business Understanding: Pensamiento analítico basado en datos.,Making Sense of Data: Modelación predictiva,Data Driven Decisions
Bien. Salud y Calidad,Sin clase,Sin clase,Sin clase,Sin clase,Sin clase,Sin clase,Sin clase,Sin clase,Sin clase,Sin clase,Sin clase,Sin clase,Sin clase,Sin clase,Sin clase,Ambiente y conductas obesogénicas,Antecedentes y evolución de la alimentación,Regulador bio-psico-cultural y conducta alimentaria,Los cinco principales factores de protección,"Autoconciencia, autoeficacia y autoestima en las etapas críticas de la vida",Ambiente y conductas obesogénicas,Antecedentes y evolución de la alimentación,Regulador bio-psico-cultural y conducta alimentaria,Los cinco principales factores de protección,"Autoconciencia, autoeficacia y autoestima en las etapas críticas de la vida",Ambiente y conductas obesogénicas,Antecedentes y evolución de la alimentación,Regulador bio-psico-cultural y conducta alimentaria
Big Data,Sin clase,Sin clase,Sin clase,Sin clase,Sin clase,Sin clase,Sin clase,Sin clase,Sin clase,Sin clase,Sin clase,Sin clase,Data Driven Decisions,Marketing Analytics,Big data y Business Analyitics,Liderazgo y Motivación,Process Optimization,Data Driven Decisions,Marketing Analytics,Big data y Business Analyitics,Liderazgo y Motivación,Process Optimization,Data Driven Decisions,Marketing Analytics,Big data y Business Analyitics,Liderazgo y Motivación,Process Optimization,Data Driven Decisions
Big Data en Edu,Sin clase,Sin clase,Sin clase,Sin clase,Sin clase,Sin clase,Sin clase,Sin clase,Sin clase,Sin clase,Sin clase,Sin clase,Sin clase,Sin clase,Sin clase,Sin clase,Introducción: El futuro de la educación en la era del Big Data,Smart Schools and Universities: Pasos hacia una nueva cultura en instituciones educativas.,Administración y gobernanza educativa en la era digital ,Big data y Business Analyitics,Learning Analytics:  Uso de datos  para mejorar la experiencia de aprendizaje,Introducción: El futuro de la educación en la era del Big Data,Smart Schools and Universities: Pasos hacia una nueva cultura en instituciones educativas.,Administración y gobernanza educativa en la era digital ,Big data y Business Analyitics,Learning Analytics:  Uso de datos  para mejorar la experiencia de aprendizaje,Introducción: El futuro de la educación en la era del Big Data,Smart Schools and Universities: Pasos hacia una nueva cultura en instituciones educativas.
Bio. Nutricion,Sin clase,Sin clase,Sin clase,Sin clase,Sin clase,Sin clase,Sin clase,Sin clase,Sin clase,Sin clase,Sin clase,Sin clase,Sin clase,Sin clase,Sin clase,Sin clase,Sin clase,Sin clase,Sin clase,Sin clase,Sin clase,Sin clase,Fundamentos de la ciencia de los alimentos,Introducción a los alimentos funcionales,Biotecnología alimentaria,Tópicos selectos de biotecnología,Análisis microbiológico de los alimentos,Fundamentos de la ciencia de los alimentos
Blockchain,Sin clase,Sin clase,Sin clase,Sin clase,Sin clase,Sin clase,Sin clase,Sin clase,Sin clase,Sin clase,Sin clase,Sin clase,Sin clase,Sin clase,Sin clase,Sin clase,Sin clase,Sin clase,Sin clase,Tecnología Blockchain,Criptoeconomía,Blockchain para empresas,Implicaciones Legales del Blockchain,Contratos inteligentes,Tecnología Blockchain,Criptoeconomía,Blockchain para empresas,Implicaciones Legales del Blockchain
Bus. Analytics,Sin clase,Sin clase,Sin clase,Sin clase,Sin clase,Sin clase,Sin clase,Sin clase,Sin clase,Sin clase,Sin clase,Sin clase,Sin clase,Sin clase,Sin clase,Sin clase,Sin clase,Sin clase,Sin clase,Sin clase,Business Understanding: Pensamiento analítico basado en datos.,Análisis Exploratorio de Datos,Aprendizaje de Máquina para modelado de datos,Python aplicado a ciencia de datos,Heramientas Analíticas,Business Understanding: Pensamiento analítico basado en datos.,Análisis Exploratorio de Datos,Aprendizaje de Máquina para modelado de datos
Calidad Educativa,Sin clase,Sin clase,Sin clase,Sin clase,Sin clase,Sin clase,Sin clase,Sin clase,Sin clase,Sin clase,Sin clase,Sin clase,Sin clase,Sin clase,Sin clase,Sin clase,Evaluación de Instituciones Educativos,Evaluación docente,Evaluación curricular,Evaluación del Aprendizaje,Evaluación educativa,Evaluación de Instituciones Educativos,Evaluación docente,Evaluación curricular,Evaluación del Aprendizaje,Evaluación educativa,Evaluación de Instituciones Educativos,Evaluación docente
Ciberjusticia,Sin clase,Sin clase,Sin clase,Sin clase,Sin clase,Sin clase,Sin clase,Sin clase,Sin clase,Sin clase,Sin clase,Sin clase,Sin clase,Sin clase,Sin clase,Sin clase,Sin clase,Sin clase,Sin clase,Sin clase,Sin clase,Sin clase,Toma de Decisiones,Métodos alternos de resolución de controversias,Sistemas expertos decisionales,Nuevo derecho probatorio documental,Cibertribunales y expedientes electrónicos,LEGALTECH
Ciberseguridad,Sin clase,Sin clase,Sin clase,Sin clase,Sin clase,Sin clase,Sin clase,Sin clase,Sin clase,Sin clase,Sin clase,Sin clase,Sin clase,Sin clase,Sin clase,Sin clase,Sin clase,Sin clase,Sin clase,Sin clase,Introducción a la Ciberseguridad,Riesgos actuales en Ciberseguridad,Informática Forense ,Seguridad de la Información,Legislación nacional e internacional en  Ciberseguridad,Introducción a la Ciberseguridad,Riesgos actuales en Ciberseguridad,Informática Forense 
Cloud Computing,Sin clase,Sin clase,Sin clase,Sin clase,Sin clase,Sin clase,Sin clase,Sin clase,Sin clase,Sin clase,Sin clase,Sin clase,Sin clase,Sin clase,Sin clase,Sin clase,Sin clase,Programación en Python,Seguridad Informática en la Nube,Big data y Business Analyitics,Gestión de Bases de Datos Distribuidas,Desarrollo emprendedor de negocios,Programación en Python,Seguridad Informática en la Nube,Big data y Business Analyitics,Gestión de Bases de Datos Distribuidas,Desarrollo emprendedor de negocios,Programación en Python
Coaching de Vida,Sin clase,Sin clase,Sin clase,Sin clase,Sin clase,Sin clase,Sin clase,Sin clase,Sin clase,Sin clase,Sin clase,Sin clase,Sin clase,Sin clase,Sin clase,Sin clase,Sin clase,Inteligencia Emocional,Fundamentos del Coaching de vida,Corporalidad,"Diseño de una nueva coherencia  (entre cuerpo, emociones y lenguaje)",Comunicación y Negociación Efectiva,Inteligencia Emocional,Fundamentos del Coaching de vida,Corporalidad,"Diseño de una nueva coherencia  (entre cuerpo, emociones y lenguaje)",Comunicación y Negociación Efectiva,Inteligencia Emocional
Coaching Edu.,Sin clase,Sin clase,Sin clase,Sin clase,Sin clase,Sin clase,Sin clase,Sin clase,Sin clase,Sin clase,Sin clase,Sin clase,Sin clase,Sin clase,Sin clase,Sin clase,Sin clase,Sin clase,Sin clase,Sin clase,"Persona, formación y trascendencia",Fundamentos de coaching educativo,Evaluación del Aprendizaje,Análisis y solución de casos,Metodologías y enfoques del coaching educativo,"Persona, formación y trascendencia",Fundamentos de coaching educativo,Evaluación del Aprendizaje
Com. Corp.,Sin clase,Sin clase,Sin clase,Sin clase,Sin clase,Sin clase,Sin clase,Sin clase,Sin clase,Sin clase,Sin clase,Sin clase,Sin clase,Sin clase,Sin clase,Sin clase,Estrategias de negocios,Comunicación corporativa,Planeación de la comunicación desde una perspectiva ética corporativa y responsabilidad social,Comunicación interna y externa,Liderazgo y Motivación,Estrategias de negocios,Comunicación corporativa,Planeación de la comunicación desde una perspectiva ética corporativa y responsabilidad social,Comunicación interna y externa,Liderazgo y Motivación,Estrategias de negocios,Comunicación corporativa
Com. Estra. Respon. Social,Sin clase,Sin clase,Sin clase,Sin clase,Sin clase,Sin clase,Sin clase,Sin clase,Sin clase,Sin clase,Sin clase,Sin clase,Sin clase,Sin clase,Sin clase,Sin clase,Sin clase,Sin clase,Sin clase,Sin clase,Sin clase,Sin clase,Sin clase,Sin clase,Sin clase,La responsabilidad social en la organización,La comunicación estratégica,Las relaciones públicas integradas a la RS
Com. Mindfulness,Sin clase,Sin clase,Sin clase,Sin clase,Sin clase,Sin clase,Sin clase,Sin clase,Sin clase,Sin clase,Sin clase,Sin clase,Sin clase,Sin clase,Sin clase,Sin clase,Sin clase,Sin clase,Sin clase,Sin clase,Sin clase,Sin clase,Sin clase,Sin clase,Sin clase,Sin clase,Una Aproximación al Mindfulness,Comunicación plena
Comp. Dig. Docentes,La Tecnología en la Educación,Nuevas Herramientas para Enseñar,Estrategias de Aprendizaje en Educación a Distancia,Asesor de Entornos Virtuales,Evaluación del Aprendizaje,La Tecnología en la Educación,Nuevas Herramientas para Enseñar,Estrategias de Aprendizaje en Educación a Distancia,Asesor de Entornos Virtuales,Evaluación del Aprendizaje,La Tecnología en la Educación,Nuevas Herramientas para Enseñar,Estrategias de Aprendizaje en Educación a Distancia,Asesor de Entornos Virtuales,Evaluación del Aprendizaje,La Tecnología en la Educación,Nuevas Herramientas para Enseñar,Estrategias de Aprendizaje en Educación a Distancia,Asesor de Entornos Virtuales,Evaluación del Aprendizaje,La Tecnología en la Educación,Nuevas Herramientas para Enseñar,Estrategias de Aprendizaje en Educación a Distancia,Asesor de Entornos Virtuales,Evaluación del Aprendizaje,La Tecnología en la Educación,Nuevas Herramientas para Enseñar,Estrategias de Aprendizaje en Educación a Distancia
Comp. Directivas,Sin clase,Empowerment,Inteligencia Emocional,Coaching,Orientación al Logro,Liderazgo y Motivación,Empowerment,Inteligencia Emocional,Coaching,Orientación al Logro,Liderazgo y Motivación,Empowerment,Inteligencia Emocional,Coaching,Orientación al Logro,Liderazgo y Motivación,Empowerment,Inteligencia Emocional,Coaching,Orientación al Logro,Liderazgo y Motivación,Empowerment,Inteligencia Emocional,Coaching,Orientación al Logro,Liderazgo y Motivación,Empowerment,Inteligencia Emocional
Comp. Doc. S XXI,Sin clase,Sin clase,Sin clase,Sin clase,Sin clase,Sin clase,Sin clase,Sin clase,Sin clase,Sin clase,Sin clase,Sin clase,Sin clase,Sin clase,Sin clase,Sin clase,Sin clase,Sin clase,Sin clase,Sin clase,Proceso de enseñanza-aprendizaje,Nuevas Herramientas para Enseñar,Habilidades de la comunicación en la docencia actual ,Mindfulness,Creación y Evaluación de Materiales Didácticos ,Proceso de enseñanza-aprendizaje,Nuevas Herramientas para Enseñar,Habilidades de la comunicación en la docencia actual 
Crianza Hijos,Sin clase,Sin clase,Sin clase,Sin clase,Sin clase,Sin clase,Sin clase,Sin clase,Sin clase,Sin clase,Sin clase,Sin clase,Sin clase,Sin clase,Sin clase,Sin clase,Sin clase,Sexualidad,Desarrollo humano,"Alimentación, crecimiento y desarrollo",Neurodesarrollo,Habilidades Sociales y Emocionales,Sexualidad,Desarrollo humano,"Alimentación, crecimiento y desarrollo",Neurodesarrollo,Habilidades Sociales y Emocionales,Sexualidad
Dere. Digital,Sin clase,Sin clase,Sin clase,Sin clase,Sin clase,Sin clase,Sin clase,Sin clase,Sin clase,Sin clase,Sin clase,Sin clase,Sin clase,Sin clase,Sin clase,Sin clase,Sin clase,Sin clase,Sin clase,Sin clase,Sin clase,Sin clase,LEGALTECH,Regulación de Datos Personales,Legislación nacional e internacional en  Ciberseguridad,Derecho de las tecnologías,DERECHO DE LAS TELECOMUNICACIONES,LEGALTECH
Dere. Sanitario,Sin clase,Sin clase,Sin clase,Sin clase,Sin clase,Sin clase,Sin clase,Sin clase,Sin clase,Sin clase,Sin clase,Sin clase,Sin clase,Sin clase,Sin clase,Sin clase,Sin clase,Sin clase,Sin clase,Sin clase,Sin clase,Responsabilidad Médica,Auditoría de Hospitales,Regulación de Productos y Servicios,Regulación de Productos y Servicios,Expediente Clínico,Responsabilidad Médica,Auditoría de Hospitales
Des. Cap. Hum.,Sin clase,Sin clase,Sin clase,Sin clase,Sin clase,Sin clase,Sin clase,Sin clase,Sin clase,Sin clase,Sin clase,Sin clase,Sin clase,Planeación Estratégica del Capital Humano,Gestión del Cambio,Comportamiento Organizacional,Comunicación y Negociación Efectiva,Trabajo en Equipo,Planeación Estratégica del Capital Humano,Gestión del Cambio,Comportamiento Organizacional,Comunicación y Negociación Efectiva,Trabajo en Equipo,Planeación Estratégica del Capital Humano,Gestión del Cambio,Comportamiento Organizacional,Comunicación y Negociación Efectiva,Trabajo en Equipo
Des. Neg. y Empren.,Sin clase,Sin clase,Sin clase,Sin clase,Sin clase,Sin clase,Sin clase,Sin clase,Sin clase,Sin clase,Sin clase,Sin clase,Sin clase,Sin clase,Sin clase,Sin clase,Desarrollo emprendedor de negocios,Nuevos modelos de negocios,Negocios digitales,Creativity Workshop: pensamiento lateral aplicado,Métodos de desarrollo de nuevas ideas,Desarrollo emprendedor de negocios,Nuevos modelos de negocios,Negocios digitales,Creativity Workshop: pensamiento lateral aplicado,Métodos de desarrollo de nuevas ideas,Desarrollo emprendedor de negocios,Nuevos modelos de negocios
Des. Videojuegos,Sin clase,Sin clase,Sin clase,Sin clase,Sin clase,Sin clase,Sin clase,Sin clase,Sin clase,Sin clase,Sin clase,Sin clase,Sin clase,Sin clase,Sin clase,Sin clase,Sin clase,Sin clase,Sin clase,Sin clase,Programación Unity,Game design,REALIDAD VIRTUAL Y AUMENTADA,Negocios digitales,Desarrollo MVP,Programación Unity,Game design,REALIDAD VIRTUAL Y AUMENTADA
Desarrollo Mot.,Sin clase,Sin clase,Sin clase,Sin clase,Sin clase,Sin clase,Sin clase,Sin clase,Sin clase,Sin clase,Sin clase,Sin clase,Sin clase,Sin clase,Sin clase,Sin clase,Sin clase,Sin clase,Sin clase,Evaluación del Desarrollo Motor,Neurodesarrollo,Psicomotricidad y Grafomotricidad,Parálisis Cerebral,Terapia Ocupacional ,Evaluación del Desarrollo Motor,Neurodesarrollo,Psicomotricidad y Grafomotricidad,Parálisis Cerebral
Design Think,Sin clase,Sin clase,Sin clase,Sin clase,Sin clase,Sin clase,Sin clase,Sin clase,Sin clase,Sin clase,Sin clase,Sin clase,Sin clase,Marketing Analytics,Big data y Business Analyitics,Sin clase,Sin clase,Emotional & Experiential Business,El Design Thinking bajo un modelo de experiencias,Creativity Workshop: pensamiento lateral aplicado,El diseño experiencial y el prototipo,Evaluación y plan de acción,Emotional & Experiential Business,El Design Thinking bajo un modelo de experiencias,Creativity Workshop: pensamiento lateral aplicado,El diseño experiencial y el prototipo,Evaluación y plan de acción,Emotional & Experiential Business
Diagn. Psicoped.,Sin clase,Sin clase,Sin clase,Sin clase,Sin clase,Sin clase,Sin clase,Sin clase,Sin clase,Sin clase,Sin clase,Sin clase,Sin clase,Desarrollo humano,Dificultades de aprendizaje en los procesos psicológicos,Proceso de diagnóstico psicopedagógico,Trastornos y dificultades de aprendizaje  en aptitudes académicas,Instrumentos de diagnóstico psicopedagógico,Desarrollo humano,Dificultades de aprendizaje en los procesos psicológicos,Proceso de diagnóstico psicopedagógico,Trastornos y dificultades de aprendizaje  en aptitudes académicas,Instrumentos de diagnóstico psicopedagógico,Desarrollo humano,Dificultades de aprendizaje en los procesos psicológicos,Proceso de diagnóstico psicopedagógico,Trastornos y dificultades de aprendizaje  en aptitudes académicas,Instrumentos de diagnóstico psicopedagógico
Direc. Emp. Fam.,Sin clase,Sin clase,Sin clase,Sin clase,Sin clase,Sin clase,Sin clase,Sin clase,Sin clase,Sin clase,Sin clase,Sin clase,Sin clase,Sin clase,Sin clase,Sin clase,Estrategias de negocios,Nuevos modelos de negocios,Planeación de la comunicación desde una perspectiva ética corporativa y responsabilidad social,Contabilidad Financiera y Presupuestos,Empresas familiares y gobierno corporativo,Estrategias de negocios,Nuevos modelos de negocios,Planeación de la comunicación desde una perspectiva ética corporativa y responsabilidad social,Contabilidad Financiera y Presupuestos,Empresas familiares y gobierno corporativo,Estrategias de negocios,Nuevos modelos de negocios
Direc. Estrat. Neg,Sin clase,Sin clase,Sin clase,Sin clase,Sin clase,Sin clase,Sin clase,Sin clase,Sin clase,Sin clase,Sin clase,Sin clase,Sin clase,Mercadotecnia Estratégica,Contabilidad Financiera y Presupuestos,Simulación Estratégica de Proyectos y Negocios,Desarrollo emprendedor de negocios,Toma de Decisiones,Mercadotecnia Estratégica,Contabilidad Financiera y Presupuestos,Simulación Estratégica de Proyectos y Negocios,Desarrollo emprendedor de negocios,Toma de Decisiones,Mercadotecnia Estratégica,Contabilidad Financiera y Presupuestos,Simulación Estratégica de Proyectos y Negocios,Desarrollo emprendedor de negocios,Toma de Decisiones
Direc. Proy.,Liderazgo y Motivación,Gestión de las Adquisiciones,Modelos y Herramientas para la Administración,Administración de Proyectos,Análisis Económico y Modelos de Decisión,Liderazgo y Motivación,Gestión de las Adquisiciones,Modelos y Herramientas para la Administración,Administración de Proyectos,Análisis Económico y Modelos de Decisión,Liderazgo y Motivación,Gestión de las Adquisiciones,Modelos y Herramientas para la Administración,Administración de Proyectos,Análisis Económico y Modelos de Decisión,Liderazgo y Motivación,Gestión de las Adquisiciones,Modelos y Herramientas para la Administración,Administración de Proyectos,Análisis Económico y Modelos de Decisión,Liderazgo y Motivación,Gestión de las Adquisiciones,Modelos y Herramientas para la Administración,Administración de Proyectos,Análisis Económico y Modelos de Decisión,Liderazgo y Motivación,Gestión de las Adquisiciones,Modelos y Herramientas para la Administración
Dis. Multi. No Diseñadores,Sin clase,Sin clase,Sin clase,Sin clase,Sin clase,Sin clase,Sin clase,Sin clase,Sin clase,Sin clase,Sin clase,Sin clase,Sin clase,Sin clase,Sin clase,Sin clase,Sin clase,Sin clase,Sin clase,Sin clase,Sin clase,Sin clase,Sin clase,Sin clase,Sin clase,Sin clase,"Tipografía, Forma y Color",Principios de Comunicación Visual
Disc. Formativa,Sin clase,Sin clase,Sin clase,Sin clase,Sin clase,Sin clase,Sin clase,Sin clase,Sin clase,Sin clase,Sin clase,Sin clase,Sin clase,Sin clase,Sin clase,Sin clase,Sin clase,Sin clase,Sin clase,Sin clase,"Persona, formación y trascendencia",Sin clase,Estrategias y evaluación de la disciplina formativa,Análisis y solución de casos,Análisis multidisciplinar de problemáticas escolares,"Persona, formación y trascendencia",Bases de la disciplina formativa,Estrategias y evaluación de la disciplina formativa
Diseño Cur. E-learning,Sin clase,Sin clase,Sin clase,Sin clase,Sin clase,Sin clase,Sin clase,Sin clase,Sin clase,Sin clase,Sin clase,Sin clase,Sin clase,Sin clase,Sin clase,Sin clase,Sin clase,Sin clase,Sin clase,Sin clase,Aspectos generales,Sin clase,Sin clase,Sin clase,Sin clase,Modelos pedagógicos y educación virtual,Diseño multimedia de materiales educativos,Evaluación de programas online
E-Commerce,Sin clase,Sin clase,Sin clase,Sin clase,Sin clase,Sin clase,Sin clase,Sin clase,Sin clase,Sin clase,Sin clase,Sin clase,Sin clase,Sin clase,Sin clase,Sin clase,Fundamentos de mercadotecnia digital,Data Driven Decisions,Negocios digitales,Implementación del e-commerce,Inteligencia de negocio en el contexto digital,Fundamentos de mercadotecnia digital,Data Driven Decisions,Negocios digitales,Implementación del e-commerce,Inteligencia de negocio en el contexto digital,Fundamentos de mercadotecnia digital,Data Driven Decisions
E. Lectoescritura,Sin clase,Sin clase,Sin clase,Sin clase,Sin clase,Sin clase,Sin clase,Sin clase,Sin clase,Sin clase,Sin clase,Sin clase,Sin clase,Sin clase,Sin clase,Sin clase,Sin clase,Enseñando lectoescritura,Lenguaje,Creación y Evaluación de Materiales Didácticos ,Proceso de enseñanza-aprendizaje,Psicomotricidad y Grafomotricidad,Enseñando lectoescritura,Lenguaje,Creación y Evaluación de Materiales Didácticos ,Proceso de enseñanza-aprendizaje,Psicomotricidad y Grafomotricidad,Enseñando lectoescritura
Eco. Digital,Sin clase,Sin clase,Sin clase,Sin clase,Sin clase,Sin clase,Sin clase,Sin clase,Sin clase,Sin clase,Sin clase,Sin clase,Sin clase,Sin clase,Sin clase,Sin clase,Sin clase,Sin clase,Sin clase,Sin clase,Sin clase,Desarrollo emprendedor de negocios,Nuevos modelos de negocios,Contratos inteligentes,TECNOLOGÍAS DISRUPTIVAS,STARTUPS,Desarrollo emprendedor de negocios,Nuevos modelos de negocios
Edu. Preescolar,Sin clase,Sin clase,Sin clase,Sin clase,Sin clase,Sin clase,Sin clase,Sin clase,Sin clase,Sin clase,Sin clase,Sin clase,Sin clase,Sin clase,Sin clase,Sin clase,Sin clase,Sin clase,Competencias Didácticas,Identidad y Desarrollo Profesional Docente,Legislación Educativa,El niño de Preescolar y su aprendizaje,Currículo de la Educación Preescolar,Competencias Didácticas,Identidad y Desarrollo Profesional Docente,Legislación Educativa,El niño de Preescolar y su aprendizaje,Currículo de la Educación Preescolar
Edu. Primaria,Sin clase,Sin clase,Sin clase,Sin clase,Sin clase,Sin clase,Sin clase,Sin clase,Sin clase,Sin clase,Sin clase,Sin clase,Sin clase,Sin clase,Sin clase,Sin clase,Sin clase,Sin clase,Competencias Didácticas,Identidad y Desarrollo Profesional Docente,Legislación Educativa,El niño de Primaria y su aprendizaje,Currículo de la Educación Primaria,Competencias Didácticas,Identidad y Desarrollo Profesional Docente,Legislación Educativa,El niño de Primaria y su aprendizaje,Currículo de la Educación Primaria
Educacion,La Tecnología en la Educación,Crecimiento y Desarrollo Humano,Formación Integral ,Estrategias de Enseñanza,Evaluación del Aprendizaje,La Tecnología en la Educación,Crecimiento y Desarrollo Humano,Formación Integral ,Estrategias de Enseñanza,Evaluación del Aprendizaje,La Tecnología en la Educación,Crecimiento y Desarrollo Humano,Formación Integral ,Estrategias de Enseñanza,Evaluación del Aprendizaje,La Tecnología en la Educación,Crecimiento y Desarrollo Humano,Formación Integral ,Estrategias de Enseñanza,Evaluación del Aprendizaje,La Tecnología en la Educación,Crecimiento y Desarrollo Humano,Formación Integral ,Estrategias de Enseñanza,Evaluación del Aprendizaje,La Tecnología en la Educación,Crecimiento y Desarrollo Humano,Formación Integral 
Efect. Cap. Hum.,Sin clase,Sin clase,Sin clase,Sin clase,Sin clase,Sin clase,Sin clase,Sin clase,Sin clase,Sin clase,Sin clase,Sin clase,Sin clase,Planeación Estratégica del Capital Humano,Gestión del Cambio,"Cultura, Clima y Satisfacción Laboral",Métricas en la Dirección del Capital Humano,Desafíos actuales en la Dirección del Capital Humano,Planeación Estratégica del Capital Humano,Gestión del Cambio,"Cultura, Clima y Satisfacción Laboral",Métricas en la Dirección del Capital Humano,Desafíos actuales en la Dirección del Capital Humano,Planeación Estratégica del Capital Humano,Gestión del Cambio,"Cultura, Clima y Satisfacción Laboral",Métricas en la Dirección del Capital Humano,Desafíos actuales en la Dirección del Capital Humano
Est. Apren. Efec.,Sin clase,Sin clase,Sin clase,Sin clase,Sin clase,Sin clase,Sin clase,Sin clase,Sin clase,Sin clase,Sin clase,Sin clase,Sin clase,Sin clase,Sin clase,Sin clase,Sin clase,Sin clase,Sin clase,Sin clase,Sin clase,Sin clase,Evaluación del Aprendizaje,Elaboración de programas,Identidad y Desarrollo Profesional Docente,"Persona, formación y trascendencia",Gestión del aprendizaje,Evaluación del Aprendizaje
Est. Prac. Edu.,Sin clase,Sin clase,Sin clase,Sin clase,Sin clase,Sin clase,Sin clase,Sin clase,Sin clase,Sin clase,Sin clase,Sin clase,Sin clase,Sin clase,Sin clase,Sin clase,Sin clase,"Metodologías activas, aprendizaje situado y didáctica diferencial",Desarrollo humano,Creación y Evaluación de Materiales Didácticos ,Proceso de enseñanza-aprendizaje,Habilidades Sociales y Emocionales,"Metodologías activas, aprendizaje situado y didáctica diferencial",Desarrollo humano,Creación y Evaluación de Materiales Didácticos ,Proceso de enseñanza-aprendizaje,Habilidades Sociales y Emocionales,"Metodologías activas, aprendizaje situado y didáctica diferencial"
Est. Temprana,Sin clase,Sin clase,Sin clase,Sin clase,Sin clase,Sin clase,Sin clase,Sin clase,Sin clase,Sin clase,Sin clase,Sin clase,Sin clase,Sin clase,Sin clase,Sin clase,Sin clase,Habilidades Cognitivas,Lenguaje,Creación y Evaluación de Materiales Didácticos ,Neurodesarrollo,Habilidades Sociales y Emocionales,Habilidades Cognitivas,Lenguaje,Creación y Evaluación de Materiales Didácticos ,Neurodesarrollo,Habilidades Sociales y Emocionales,Habilidades Cognitivas
Estr. Transf. Digital,Sin clase,Sin clase,Sin clase,Sin clase,Sin clase,Sin clase,Sin clase,Sin clase,Sin clase,Sin clase,Sin clase,Sin clase,Sin clase,Sin clase,Sin clase,Sin clase,Sin clase,Sin clase,Sin clase,Sin clase,Sin clase,Sin clase,Sin clase,Sin clase,Sin clase,Creativity Workshop: pensamiento lateral aplicado,Big data y Business Analyitics,Sin clase
Estrat. Comercial,Sin clase,Sin clase,Sin clase,Sin clase,Sin clase,Sin clase,Sin clase,Sin clase,Coaching,Sin clase,Sin clase,Sin clase,Sin clase,Gestión del talento humano para apoyar la estrategia comercial,Comunicación en Medios Digitales,Proceso administrativo de la venta,Visión Comercial,HUBS B2B,Gestión del talento humano para apoyar la estrategia comercial,Comunicación en Medios Digitales,Proceso administrativo de la venta,Visión Comercial,HUBS B2B,Gestión del talento humano para apoyar la estrategia comercial,Comunicación en Medios Digitales,Proceso administrativo de la venta,Visión Comercial,HUBS B2B
Estrategia Tal. Hum.,Sin clase,Sin clase,Sin clase,Sin clase,Sin clase,Sin clase,Sin clase,Sin clase,Sin clase,Sin clase,Sin clase,Sin clase,Sin clase,Planeación Estratégica del Capital Humano,Gestión del Cambio,Estructura de Remuneración,Entrenamiento del Capital Humano,"Atracción, Selección e Integración del Capital Humano",Planeación Estratégica del Capital Humano,Gestión del Cambio,Estructura de Remuneración,Entrenamiento del Capital Humano,"Atracción, Selección e Integración del Capital Humano",Planeación Estratégica del Capital Humano,Gestión del Cambio,Estructura de Remuneración,Entrenamiento del Capital Humano,"Atracción, Selección e Integración del Capital Humano"
Etica Inv. Responsable,Sin clase,Sin clase,Sin clase,Sin clase,Sin clase,Sin clase,Sin clase,Sin clase,Sin clase,Sin clase,Sin clase,Sin clase,Sin clase,Sin clase,Sin clase,Sin clase,Sin clase,Sin clase,Sin clase,Sin clase,Sin clase,Sin clase,Sin clase,Decisión y Análisis de Inversión,Ética y responsabilidad social,Sin clase,Sin clase,Sin clase
Exp. Clin. Elec.,Sin clase,Sin clase,Sin clase,Sin clase,Sin clase,Sin clase,Sin clase,Sin clase,Sin clase,Sin clase,Sin clase,Sin clase,Sin clase,Sin clase,Sin clase,Sin clase,Sin clase,Sin clase,Sin clase,Gestión del Cambio,E-Health Y Telemedicina,Inmersión al uso del Expediente Clínico Electrónico,Data Driven Decisions,Ética Médica y nuevos derechos de los pacientes frente a las TIC,Big data y Business Analyitics,E-Health Y Telemedicina,Inmersión al uso del Expediente Clínico Electrónico,Responsabilidad Médica
Fin. Corp. Avan.,Sin clase,Sin clase,Sin clase,Sin clase,Sin clase,Sin clase,Sin clase,Sin clase,Sin clase,Sin clase,Sin clase,Sin clase,Sin clase,Decisión y Análisis de Inversión,Decisión de Financiamiento y Pago de Dividendos,Fusiones y Adquisiciones,Estrategias de negocios,Valuación de Empresas,Decisión y Análisis de Inversión,Decisión de Financiamiento y Pago de Dividendos,Fusiones y Adquisiciones,Estrategias de negocios,Valuación de Empresas,Decisión y Análisis de Inversión,Decisión de Financiamiento y Pago de Dividendos,Fusiones y Adquisiciones,Estrategias de negocios,Valuación de Empresas
Fin. Corporativas,Sin clase,Sin clase,Sin clase,Sin clase,Sin clase,Sin clase,Sin clase,Sin clase,Sin clase,Sin clase,Sin clase,Sin clase,Sin clase,Sin clase,Sin clase,Sin clase,Sin clase,Sin clase,Sin clase,Sin clase,Social Media,Fundamentos de mercadotecnia digital,Sin clase,La función empresarial en la administración financiera ,La función empresarial en la administración financiera ,El Modelo de formulación de proyectos de inversión,El costo de capital y las fuentes de financiamiento,El Análisis financiero en la organización
Fin. Era Digital,Sin clase,Sin clase,Sin clase,Sin clase,Sin clase,Sin clase,Sin clase,Sin clase,Sin clase,Sin clase,Sin clase,Sin clase,Sin clase,Sin clase,Sin clase,Sin clase,Sin clase,Sin clase,Sin clase,Sin clase,Sin clase,Sin clase,Sin clase,Sin clase,Analizando y evaluando mi situación actual,Las inversiones,El Crédito,Los seguros y las pensiones
Fintech,Sin clase,Sin clase,Sin clase,Sin clase,Sin clase,Sin clase,Sin clase,Sin clase,Sin clase,Sin clase,Sin clase,Sin clase,Sin clase,Sin clase,Sin clase,Sin clase,Sin clase,Sin clase,Sin clase,Sin clase,Sin clase,Fundamentos Fintech,Crowdfunding,Marco regulatorio de las Fintech,Tecnología Blockchain,Fundamentos Fintech,Disrupción financiera y banca digital,Crowdfunding
Gest. Esc.,Liderazgo y Motivación,Evaluación de Instituciones Educativos,Toma de Decisiones,Contabilidad Financiera y Presupuestos,Gestión de Centros Educativos,Liderazgo y Motivación,Evaluación de Instituciones Educativos,Toma de Decisiones,Contabilidad Financiera y Presupuestos,Gestión de Centros Educativos,Liderazgo y Motivación,Evaluación de Instituciones Educativos,Toma de Decisiones,Gestión de Centros Educativos,Contabilidad Financiera y Presupuestos,Liderazgo y Motivación,Evaluación de Instituciones Educativos,Toma de Decisiones,Gestión de Centros Educativos,Contabilidad Financiera y Presupuestos,Liderazgo y Motivación,Evaluación de Instituciones Educativos,Toma de Decisiones,Gestión de Centros Educativos,Contabilidad Financiera y Presupuestos,Liderazgo y Motivación,Evaluación de Instituciones Educativos,Toma de Decisiones
Gest. Tal.,Sin clase,Empowerment,Trabajo en Equipo,Coaching,Creativity Workshop: pensamiento lateral aplicado,Liderazgo y Motivación,Empowerment,Trabajo en Equipo,Coaching,Creativity Workshop: pensamiento lateral aplicado,Liderazgo y Motivación,Empowerment,Trabajo en Equipo,Coaching,Creativity Workshop: pensamiento lateral aplicado,Liderazgo y Motivación,Empowerment,Trabajo en Equipo,Coaching,Creativity Workshop: pensamiento lateral aplicado,Liderazgo y Motivación,Empowerment,Trabajo en Equipo,Coaching,Creativity Workshop: pensamiento lateral aplicado,Liderazgo y Motivación,Empowerment,Trabajo en Equipo
Gob. Adm. P. E.,Sin clase,Sin clase,Sin clase,Sin clase,Sin clase,Sin clase,Sin clase,Sin clase,Sin clase,Sin clase,Sin clase,Sin clase,Sin clase,Sin clase,Sin clase,Sin clase,Sin clase,Sin clase,Sin clase,Sin clase,Gobierno abierto,Open data,Gobierno electrónico,Smart cities,Cibertransparencia y rendición de cuentas,Gobierno abierto,Open data,Gobierno electrónico
H. Arte Contemporaneo,Sin clase,Sin clase,Sin clase,Sin clase,Sin clase,Sin clase,Sin clase,Sin clase,Sin clase,Sin clase,Sin clase,Sin clase,Sin clase,Sin clase,Sin clase,Sin clase,Sin clase,Sin clase,Sin clase,Sin clase,Sin clase,Sin clase,Sin clase,Sin clase,Sin clase,Siglo XIX. Historia y Arte,Impresionismo y Post Impresionismo,Las Vanguardias
H. Arte Renacimiento,Sin clase,Sin clase,Sin clase,Sin clase,Sin clase,Sin clase,Sin clase,Sin clase,Sin clase,Sin clase,Sin clase,Sin clase,Sin clase,Sin clase,Sin clase,Sin clase,Sin clase,Sin clase,Sin clase,Sin clase,Sin clase,Sin clase,Sin clase,Sin clase,Sin clase,Renacimiento. Origen y Contexto,Ciencia y Arte,El Quatrocentto Italiano
Hab. Geren.,Liderazgo y Motivación,Planeación Estratégica,Trabajo en Equipo,Manejo del Estrés,Creativity Workshop: pensamiento lateral aplicado,Liderazgo y Motivación,Planeación Estratégica,Trabajo en Equipo,Manejo del Estrés,Creativity Workshop: pensamiento lateral aplicado,Liderazgo y Motivación,Planeación Estratégica,Trabajo en Equipo,Manejo del Estrés,Creativity Workshop: pensamiento lateral aplicado,Liderazgo y Motivación,Planeación Estratégica,Trabajo en Equipo,Manejo del Estrés,Creativity Workshop: pensamiento lateral aplicado,Liderazgo y Motivación,Planeación Estratégica,Trabajo en Equipo,Manejo del Estrés,Creativity Workshop: pensamiento lateral aplicado,Liderazgo y Motivación,Planeación Estratégica,Trabajo en Equipo
Hist. Arte. Ant.,Sin clase,Sin clase,Sin clase,Sin clase,Sin clase,Sin clase,Sin clase,Sin clase,Sin clase,Sin clase,Sin clase,Sin clase,Sin clase,Sin clase,Sin clase,Sin clase,Sin clase,Sin clase,Sin clase,Teoría del Arte,Arte prehistórico y protohistórico,Arte de Mesopotamia,Arte del Antiguo Egipto,El Imperio Persa y el Levante Mediterráneo Antiguo,Teoría del Arte,Arte prehistórico y protohistórico,Arte de Mesopotamia,Arte del Antiguo Egipto
Hist. Arte. Clasico,Sin clase,Sin clase,Sin clase,Sin clase,Sin clase,Sin clase,Sin clase,Sin clase,Sin clase,Sin clase,Sin clase,Sin clase,Sin clase,Sin clase,Sin clase,Sin clase,Sin clase,Sin clase,Sin clase,Sin clase,Filosofía y Arte,Arte Pre Helénico,Arte Griego,Arte Romano,Arte Paleocristiano,Filosofía y Arte,Arte Pre Helénico,Arte Griego
Hist. Arte. Medieval,Sin clase,Sin clase,Sin clase,Sin clase,Sin clase,Sin clase,Sin clase,Sin clase,Sin clase,Sin clase,Sin clase,Sin clase,Sin clase,Sin clase,Sin clase,Sin clase,Sin clase,Sin clase,Sin clase,Sin clase,Arte y Religión,Arte Bizantino,Arte del Islam,Arte Románico,Arte Gótico,Arte y Religión,Arte Bizantino,Arte del Islam
I. A.,Sin clase,Sin clase,Sin clase,Sin clase,Sin clase,Sin clase,Sin clase,Sin clase,Sin clase,Sin clase,Sin clase,Sin clase,Sin clase,Sin clase,Sin clase,Sin clase,Sin clase,Sin clase,Sin clase,Sin clase,Introducción a la Inteligencia Artificial,Redes Neuronales,Componentes básicos en Inteligencia Artificial,Data Science,Sistemas cognitivos y representación del conocimiento,Introducción a la Inteligencia Artificial,Redes Neuronales,Componentes básicos en Inteligencia Artificial
Inc. Edu.,Sin clase,Sin clase,Sin clase,Sin clase,Sin clase,Sin clase,Sin clase,Sin clase,Sin clase,Sin clase,Sin clase,Sin clase,Sin clase,Sin clase,Sin clase,Sin clase,Sin clase,Sin clase,Sin clase,Inclusión,Marco Normativo,Discapacidad,Accesibilidad en los procesos de enseñanza - aprendizaje.,Cultura escolar incluyente,Inclusión,Marco Normativo,Discapacidad,Accesibilidad en los procesos de enseñanza - aprendizaje.
Inclusion Laboral,Sin clase,Sin clase,Sin clase,Sin clase,Sin clase,Sin clase,Sin clase,Sin clase,Sin clase,Sin clase,Sin clase,Sin clase,Sin clase,Sin clase,Sin clase,Sin clase,Sin clase,Sin clase,Sin clase,Sin clase,Sin clase,Discapacidad,Apoyos,Empleo Incluyente,Inclusión,Marco Normativo,Discapacidad,Apoyos
Inn. Diseno Edu.,Sin clase,Sin clase,Sin clase,Sin clase,Sin clase,Sin clase,Sin clase,Sin clase,Sin clase,Sin clase,Sin clase,Sin clase,Sin clase,Sin clase,Sin clase,Sin clase,Fundamentos teórico-metodológicos del diseño curricular,"Metodologías activas, aprendizaje situado y didáctica diferencial",Evaluación curricular,Innovación para el diseño y desarrollo curricular,Proceso de enseñanza-aprendizaje,Fundamentos teórico-metodológicos del diseño curricular,"Metodologías activas, aprendizaje situado y didáctica diferencial",Evaluación curricular,Innovación para el diseño y desarrollo curricular,Proceso de enseñanza-aprendizaje,Fundamentos teórico-metodológicos del diseño curricular,"Metodologías activas, aprendizaje situado y didáctica diferencial"
Inn. Negocios,Sin clase,Sin clase,Sin clase,Sin clase,Sin clase,Sin clase,Sin clase,Sin clase,Sin clase,Sin clase,Sin clase,Sin clase,Sin clase,Mercadotecnia Estratégica,Comunicación en Medios Digitales,Innovación en negocios,Desarrollo emprendedor de negocios,Nuevos modelos de negocios,Mercadotecnia Estratégica,Comunicación en Medios Digitales,Innovación en negocios,Desarrollo emprendedor de negocios,Nuevos modelos de negocios,Mercadotecnia Estratégica,Comunicación en Medios Digitales,Innovación en negocios,Desarrollo emprendedor de negocios,Nuevos modelos de negocios
Inn. Tec. Edu.,Sin clase,Sin clase,Estrategias de Aprendizaje en Educación a Distancia,Diseño Instruccional para Programas a Distancia,Creativity Workshop: pensamiento lateral aplicado,La Tecnología en la Educación,Nuevas Herramientas para Enseñar,Estrategias de Aprendizaje en Educación a Distancia,Diseño Instruccional para Programas a Distancia,Creativity Workshop: pensamiento lateral aplicado,La Tecnología en la Educación,Nuevas Herramientas para Enseñar,Estrategias de Aprendizaje en Educación a Distancia,Diseño Instruccional para Programas a Distancia,Creativity Workshop: pensamiento lateral aplicado,La Tecnología en la Educación,Nuevas Herramientas para Enseñar,Estrategias de Aprendizaje en Educación a Distancia,Diseño Instruccional para Programas a Distancia,Creativity Workshop: pensamiento lateral aplicado,La Tecnología en la Educación,Nuevas Herramientas para Enseñar,Estrategias de Aprendizaje en Educación a Distancia,Diseño Instruccional para Programas a Distancia,Creativity Workshop: pensamiento lateral aplicado,La Tecnología en la Educación,Nuevas Herramientas para Enseñar,Estrategias de Aprendizaje en Educación a Distancia
Interv. Edu.,Sin clase,Sin clase,Sin clase,Sin clase,Sin clase,Sin clase,Sin clase,Sin clase,Sin clase,Sin clase,Sin clase,Sin clase,Sin clase,Sin clase,Sin clase,Sin clase,El desarrollo infantil,"Metodologías activas, aprendizaje situado y didáctica diferencial",El desarrollo del adolescente,"Estrategias sistémicas: escuela, familia y sociedad ",Orientación vocacional y tutoría,El desarrollo infantil,"Metodologías activas, aprendizaje situado y didáctica diferencial",El desarrollo del adolescente,"Estrategias sistémicas: escuela, familia y sociedad ",Orientación vocacional y tutoría,El desarrollo infantil,"Metodologías activas, aprendizaje situado y didáctica diferencial"
Interv. Psicoped,Sin clase,Sin clase,Sin clase,Sin clase,Sin clase,Sin clase,Sin clase,Sin clase,Sin clase,Sin clase,Sin clase,Sin clase,Sin clase,Desarrollo humano,Estrategias de intervención para procesos psicológicos,Proceso de enseñanza-aprendizaje,Proceso de intervención psicopedagógica,Estrategias de intervención para aptitudes académicas,Desarrollo humano,Estrategias de intervención para procesos psicológicos,Proceso de enseñanza-aprendizaje,Proceso de intervención psicopedagógica,Estrategias de intervención para aptitudes académicas,Desarrollo humano,Estrategias de intervención para procesos psicológicos,Proceso de enseñanza-aprendizaje,Proceso de intervención psicopedagógica,Estrategias de intervención para aptitudes académicas
Intro. Fin,Finanzas para no Financieros,Planeación Estratégica,Toma de Decisiones,Administración de Proyectos,Cultura Financiera,Finanzas para no Financieros,Planeación Estratégica,Toma de Decisiones,Administración de Proyectos,Cultura Financiera,Finanzas para no Financieros,Planeación Estratégica,Toma de Decisiones,Administración de Proyectos,Cultura Financiera,Finanzas para no Financieros,Planeación Estratégica,Toma de Decisiones,Administración de Proyectos,Cultura Financiera,Finanzas para no Financieros,Planeación Estratégica,Toma de Decisiones,Administración de Proyectos,Cultura Financiera,Finanzas para no Financieros,Planeación Estratégica,Toma de Decisiones
Inv. Mercados,Sin clase,Sin clase,Sin clase,Sin clase,Sin clase,Sin clase,Sin clase,Sin clase,Sin clase,Sin clase,Sin clase,Sin clase,Sin clase,Sin clase,Sin clase,Sin clase,Sin clase,Sin clase,Fundamentos de entendimiento de mercado,Posicionamiento de marca,Innovación y desarrollo de productos,Sistemas de Información de Mercadotecnia,Investigación cualitativa,Fundamentos de entendimiento de mercado,Posicionamiento de marca,Innovación y desarrollo de productos,Sistemas de Información de Mercadotecnia,Investigación cualitativa
Lider. Inst. Edu.,Sin clase,Sin clase,Trabajo en Equipo,Contabilidad Financiera y Presupuestos,Gestión de Centros Educativos,Liderazgo y Motivación,Planeación Estratégica,Trabajo en Equipo,Contabilidad Financiera y Presupuestos,Gestión de Centros Educativos,Liderazgo y Motivación,Planeación Estratégica,Trabajo en Equipo,Gestión de Centros Educativos,Contabilidad Financiera y Presupuestos,Liderazgo y Motivación,Planeación Estratégica,Trabajo en Equipo,Gestión de Centros Educativos,Contabilidad Financiera y Presupuestos,Liderazgo y Motivación,Planeación Estratégica,Trabajo en Equipo,Gestión de Centros Educativos,Contabilidad Financiera y Presupuestos,Liderazgo y Motivación,Planeación Estratégica,Trabajo en Equipo
Lit. Lat. S. XX,Sin clase,Sin clase,Sin clase,Sin clase,Sin clase,Sin clase,Sin clase,Sin clase,Sin clase,Sin clase,Sin clase,Sin clase,Sin clase,Sin clase,Sin clase,Sin clase,Sin clase,Sin clase,Sin clase,Sin clase,Del modernismo a las vanguardias. La apuesta por una estética propia.,Pensar Latinoamérica: contexto histórico de las primeras décadas del siglo XX.,De la literatura de corte histórico y social al realismo mágico.,La segunda mitad del siglo XX a partir de los sucesos históricos clave. ,Del postboom hacia las propuestas literarias de fin de siglo. ,Del modernismo a las vanguardias. La apuesta por una estética propia.,Pensar Latinoamérica: contexto histórico de las primeras décadas del siglo XX.,De la literatura de corte histórico y social al realismo mágico.
Marca Personal,Sin clase,Sin clase,Sin clase,Sin clase,Sin clase,Sin clase,Sin clase,Sin clase,Sin clase,Sin clase,Sin clase,Sin clase,Sin clase,Sin clase,Sin clase,Sin clase,Sin clase,Sin clase,Sin clase,Marca personal,Liderazgo y Motivación,Comunicación y Negociación Efectiva,Comunicación corporativa,Protocolo corporativo,Marca personal,Liderazgo y Motivación,Comunicación y Negociación Efectiva,Comunicación corporativa
Med. Sueno,Sin clase,Sin clase,Sin clase,Sin clase,Sin clase,Sin clase,Sin clase,Sin clase,Sin clase,Sin clase,Sin clase,Sin clase,Sin clase,Sin clase,Sin clase,Sin clase,Sin clase,Sin clase,Sin clase,Sin clase,Sin clase,Sin clase,Sin clase,Sin clase,Sin clase,Sin clase,Conceptos Básicos del ciclo Sueño-Vigilia,Neuroanatomía del Sueño
Mercadotecnia,Liderazgo y Motivación,Sistemas de Información de Mercadotecnia,Finanzas para el Manejo de Marcas,Mercadotecnia Estratégica,Comunicación en Medios Digitales,Liderazgo y Motivación,Sistemas de Información de Mercadotecnia,Finanzas para el Manejo de Marcas,Mercadotecnia Estratégica,Comunicación en Medios Digitales,Liderazgo y Motivación,Sistemas de Información de Mercadotecnia,Finanzas para el Manejo de Marcas,Mercadotecnia Estratégica,Comunicación en Medios Digitales,Liderazgo y Motivación,Sistemas de Información de Mercadotecnia,Finanzas para el Manejo de Marcas,Mercadotecnia Estratégica,Comunicación en Medios Digitales,Liderazgo y Motivación,Sistemas de Información de Mercadotecnia,Finanzas para el Manejo de Marcas,Mercadotecnia Estratégica,Comunicación en Medios Digitales,Liderazgo y Motivación,Sistemas de Información de Mercadotecnia,Finanzas para el Manejo de Marcas
Mkt. Digital,Sin clase,Sin clase,Sin clase,Sin clase,Sin clase,Sin clase,Sin clase,Sin clase,Sin clase,Sin clase,Sin clase,Sin clase,Sin clase,Sin clase,Big data y Business Analyitics,Liderazgo y Motivación,Fundamentos de mercadotecnia digital,Publicidad Digital,Planeación de Mercadotecnia Digital,Big data y Business Analyitics,Social Media,Fundamentos de mercadotecnia digital,Publicidad Digital,Planeación de Mercadotecnia Digital,Big data y Business Analyitics,Social Media,Fundamentos de mercadotecnia digital,Publicidad Digital
Mkt. Farmaceutico,Sin clase,Sin clase,Sin clase,Sin clase,Sin clase,Sin clase,Sin clase,Sin clase,Sin clase,Sin clase,Sin clase,Sin clase,Sin clase,Sin clase,Sin clase,Sin clase,Sin clase,Finanzas para el Manejo de Marcas,CIM Farmacéutico (Comunicaciones Integradas al Marketing),Comunicación en Medios Digitales,Mercado farmacéutico y su Normatividad,Sistemas de Información de Mercadotecnia,Finanzas para el Manejo de Marcas,CIM Farmacéutico (Comunicaciones Integradas al Marketing),Comunicación en Medios Digitales,Mercado farmacéutico y su Normatividad,Sistemas de Información de Mercadotecnia,Finanzas para el Manejo de Marcas
Mkt. Farmaceutico A.,Sin clase,Sin clase,Sin clase,Sin clase,Sin clase,Sin clase,Sin clase,Sin clase,Sin clase,Sin clase,Sin clase,Sin clase,Sin clase,Sin clase,Sin clase,Sin clase,Sin clase,El Neuromarketing y la ingeniería del branding,CIM Farmacéutico (Comunicaciones Integradas al Marketing),Big data y Business Analyitics,Mercadotecnia Social en Farma,Planeación Estratégica y Mercados especializados.,El Neuromarketing y la ingeniería del branding,CIM Farmacéutico (Comunicaciones Integradas al Marketing),Big data y Business Analyitics,Mercadotecnia Social en Farma,Planeación Estratégica y Mercados especializados.,El Neuromarketing y la ingeniería del branding
Monitores Esc.,Sin clase,Sin clase,Sin clase,Sin clase,Sin clase,Sin clase,Sin clase,Sin clase,Sin clase,Sin clase,Sin clase,Sin clase,Sin clase,Sin clase,Sin clase,Sin clase,Sin clase,Sin clase,Sin clase,Sin clase,Marco Normativo,Discapacidad,Rol del monitor,Adecuaciones ,Inclusión,Marco Normativo,Discapacidad,Rol del monitor
Neg. Dig. Y Eco. C.,Sin clase,Sin clase,Sin clase,Sin clase,Sin clase,Sin clase,Sin clase,Sin clase,Sin clase,Sin clase,Sin clase,Sin clase,Sin clase,Sin clase,Sin clase,Sin clase,Sin clase,Sin clase,Sin clase,Sin clase,Fundamentos Fintech,Crowdsourcing,Crowdfunding,Negocios digitales,Modelos exitosos de economía colaborativa,Fundamentos Fintech,Modelos exitosos de economía colaborativa,Crowdfunding
Neuromarketing,Sin clase,Sin clase,Sin clase,Sin clase,Sin clase,Sin clase,Sin clase,Sin clase,Sin clase,Sin clase,Sin clase,Sin clase,Sin clase,Marketing Analytics,Comunicación en Medios Digitales,Neuromarketing aplicado a experiencias digitales,Sistemas de Información de Mercadotecnia,El Neuromarketing y la ingeniería del branding,Marketing Analytics,Comunicación en Medios Digitales,Neuromarketing aplicado a experiencias digitales,Sistemas de Información de Mercadotecnia,El Neuromarketing y la ingeniería del branding,Marketing Analytics,Comunicación en Medios Digitales,Neuromarketing aplicado a experiencias digitales,Sistemas de Información de Mercadotecnia,El Neuromarketing y la ingeniería del branding
Nutricion y Antiaging,Sin clase,Sin clase,Sin clase,Sin clase,Sin clase,Sin clase,Sin clase,Sin clase,Sin clase,Sin clase,Sin clase,Sin clase,Sin clase,Sin clase,Sin clase,Sin clase,Sin clase,Sin clase,Sin clase,Sin clase,Sin clase,Antecedentes y evolución de la alimentación,Coaching en Salud,Introducción a la nutrición,Metabolismo y envejecimiento,Fundamentos de antiaging,Dietoterapia y fitness,Coaching en Salud
Obesidad. Inf.,Sin clase,Sin clase,Sin clase,Sin clase,Sin clase,Sin clase,Sin clase,Sin clase,Sin clase,Sin clase,Sin clase,Sin clase,Sin clase,Sin clase,Sin clase,Sin clase,Sin clase,Sin clase,Sin clase,Obesidad Infantil generalidades,Diagnóstico de Obesidad Infantil,Tratamientos Tradicionales de Obesidad Infantil,Tratamientos Farmacológicos de Obesidad Infantil,Futuro de la Obesidad Infantil,Obesidad Infantil generalidades,Diagnóstico de Obesidad Infantil,Tratamientos Tradicionales de Obesidad Infantil,Tratamientos Farmacológicos de Obesidad Infantil
Oren. Edu. Fam,Sin clase,Sin clase,Sin clase,Sin clase,Sin clase,Sin clase,Sin clase,Sin clase,Sin clase,Sin clase,Sin clase,Sin clase,Sin clase,Sin clase,Sin clase,Sin clase,Sin clase,Sin clase,Sin clase,Sin clase,"Persona, formación y trascendencia",Estrategias de orientación familiar,Factores clave para la funcionalidad familiar,Análisis y solución de casos,"Familias, problemáticas y dinámica familiar","Persona, formación y trascendencia",Estrategias de orientación familiar,Factores clave para la funcionalidad familiar
P. Aux. Psic.,Sin clase,Sin clase,Sin clase,Sin clase,Sin clase,Sin clase,Sin clase,Sin clase,Sin clase,Sin clase,Sin clase,Sin clase,Sin clase,Sin clase,Sin clase,Sin clase,Sin clase,Sin clase,Sin clase,Primeros auxilios psicológicos en adolescentes,Aspectos generales,Primeros auxilios psicológicos (PAP) y su aplicación en niños,Aplicación de primeros auxilios psicológicos en adultos,El autocuidado,Primeros auxilios psicológicos en adolescentes,Aspectos generales,Primeros auxilios psicológicos (PAP) y su aplicación en niños,Aplicación de primeros auxilios psicológicos en adultos
Planeacion Estrat.,Liderazgo y Motivación,Planeación Estratégica,Toma de Decisiones,Mercadotecnia Estratégica,Calidad,Liderazgo y Motivación,Planeación Estratégica,Toma de Decisiones,Mercadotecnia Estratégica,Calidad,Liderazgo y Motivación,Planeación Estratégica,Toma de Decisiones,Mercadotecnia Estratégica,Calidad,Liderazgo y Motivación,Planeación Estratégica,Toma de Decisiones,Mercadotecnia Estratégica,Calidad,Liderazgo y Motivación,Planeación Estratégica,Toma de Decisiones,Mercadotecnia Estratégica,Calidad,Liderazgo y Motivación,Planeación Estratégica,Toma de Decisiones
Precios Transf.,Sin clase,Sin clase,Sin clase,Sin clase,Sin clase,Sin clase,Sin clase,Sin clase,Sin clase,Sin clase,Sin clase,Sin clase,Sin clase,Sin clase,Sin clase,Sin clase,Sin clase,Sin clase,Principios: Precios de Transferencia,Marco conceptual,BEPS,Metodología,Caso Práctico ,Principios: Precios de Transferencia,Marco conceptual,BEPS,Metodología,Caso Práctico 
Prin. Fiscales,Sin clase,Sin clase,Sin clase,Sin clase,Sin clase,Sin clase,Sin clase,Sin clase,Sin clase,Sin clase,Sin clase,Sin clase,Sin clase,Sin clase,Sin clase,Sin clase,Sin clase,Sin clase,Principios: Precios de Transferencia,ISR Personas Morales,ISR Personas Físicas,IVA,ISR Personas Morales,Principios: Precios de Transferencia,ISR Personas Morales,ISR Personas Físicas,IVA,Código Fiscal
Prof. Deportiva.,Sin clase,Sin clase,Sin clase,Sin clase,Sin clase,Sin clase,Sin clase,Sin clase,Sin clase,Sin clase,Sin clase,Sin clase,Sin clase,Sin clase,Sin clase,Metodología moderna de la preparación deportiva,Innovaciones en la preparación física contemporánea,Tendencias actuales del entrenamiento infantil (de 6 a 12 años),Tendencias actuales de entrenamiento juvenil (de 12 a 18 años),Tendencias actuales de entrenamiento universitario (de 19 a 24 años),Metodología moderna de la preparación deportiva,Innovaciones en la preparación física contemporánea,Tendencias actuales del entrenamiento infantil (de 6 a 12 años),Tendencias actuales de entrenamiento juvenil (de 12 a 18 años),Tendencias actuales de entrenamiento universitario (de 19 a 24 años),Metodología moderna de la preparación deportiva,Innovaciones en la preparación física contemporánea,Tendencias actuales del entrenamiento infantil (de 6 a 12 años)
Prog. Neuroling.,Sin clase,Sin clase,Sin clase,Sin clase,Sin clase,Sin clase,Sin clase,Sin clase,Sin clase,Sin clase,Sin clase,Sin clase,Sin clase,Sin clase,Sin clase,Sin clase,Sin clase,Sin clase,Sin clase,Fundamentos de la Programación Neurolinguistica,"Diseño de una nueva coherencia  (entre cuerpo, emociones y lenguaje)",El poder del cambio,Comunicación consciente,El meta aprendizaje con perspectivas de PNL,Fundamentos de la Programación Neurolinguistica,"Diseño de una nueva coherencia  (entre cuerpo, emociones y lenguaje)",El poder del cambio,Comunicación consciente
Programacion de Apps,Sin clase,Sin clase,Sin clase,Sin clase,Sin clase,Sin clase,Sin clase,Sin clase,Sin clase,Sin clase,Sin clase,Sin clase,Sin clase,Sin clase,Sin clase,Sin clase,Sin clase,Programación en Python,Marketing Analytics,Programación de APPS,Diseño e Implementación de APPS,Desarrollo emprendedor de negocios,Programación en Python,Marketing Analytics,Programación de APPS,Diseño e Implementación de APPS,Desarrollo emprendedor de negocios,Programación en Python
Prot. Datos. P,Sin clase,Sin clase,Sin clase,Sin clase,Sin clase,Sin clase,Sin clase,Sin clase,Sin clase,Sin clase,Sin clase,Sin clase,Sin clase,Sin clase,Sin clase,Sin clase,Sin clase,Sin clase,Sin clase,Big data y Business Analyitics,Social Media,Flujo de datos transfronterizos,Aviso de Privacidad,Regulación de Datos Personales,Big data y Business Analyitics,Social Media,Flujo de datos transfronterizos,Aviso de Privacidad
Psicopat. Adol.,Sin clase,Sin clase,Sin clase,Sin clase,Sin clase,Sin clase,Sin clase,Sin clase,Sin clase,Sin clase,Sin clase,Sin clase,Sin clase,Sin clase,Sin clase,Sin clase,Sin clase,Sin clase,Sin clase,Primeros auxilios psicológicos en adolescentes,Desarrollo adolescente y Salud mental,Psicopatología y conductas de riesgo,Resiliencia y afrontamiento,"Detección, evaluación y prevención de conductas de autolesión",Primeros auxilios psicológicos en adolescentes,Desarrollo adolescente y Salud mental,Psicopatología y conductas de riesgo,Resiliencia y afrontamiento
Psicoped. Escolar,Sin clase,Sin clase,Sin clase,Sin clase,Sin clase,Sin clase,Sin clase,Toma de Decisiones,Sin clase,Sin clase,Sin clase,Sin clase,Sin clase,Desarrollo humano,Evaluación del Aprendizaje,Proceso de enseñanza-aprendizaje,Trastornos y dificultades de aprendizaje  en aptitudes académicas,"Metodologías activas, aprendizaje situado y didáctica diferencial",Desarrollo humano,Evaluación del Aprendizaje,Proceso de enseñanza-aprendizaje,Trastornos y dificultades de aprendizaje  en aptitudes académicas,"Metodologías activas, aprendizaje situado y didáctica diferencial",Desarrollo humano,Evaluación del Aprendizaje,Proceso de enseñanza-aprendizaje,Trastornos y dificultades de aprendizaje  en aptitudes académicas,"Metodologías activas, aprendizaje situado y didáctica diferencial"
Resp. Empresarial,Sin clase,Sin clase,Sin clase,Sin clase,Sin clase,Sin clase,Sin clase,Sin clase,Sin clase,Sin clase,Sin clase,Sin clase,Sin clase,Sin clase,Sin clase,Sin clase,Sin clase,Sin clase,Sin clase,Sin clase,Sin clase,Sin clase,Responsabilidad Laboral,Detección de Operaciones de Procedencia ilícita ,Responsabilidad Fiscal ,Responsabilidad penal y detección de Operaciones de Procedencia ilícita,Responsabilidad Corporativa,Responsabilidad Laboral
Salud y Biene. Corp.,Sin clase,Sin clase,Sin clase,Sin clase,Sin clase,Sin clase,Sin clase,Sin clase,Sin clase,Sin clase,Sin clase,Sin clase,Sin clase,Sin clase,Sin clase,Sin clase,Sin clase,Sin clase,Sin clase,Sin clase,Sin clase,Sin clase,Sin clase,Sin clase,Bienestar Corporativo Salud Generalidades,Bienestar Corprativo Implicaciones Legales,Programa de Bienestar Corporativo y Salud,Manual de Bienestar Corporativo y Salud
Tecnologia 5g,Sin clase,Sin clase,Sin clase,Sin clase,Sin clase,Sin clase,Sin clase,Sin clase,Sin clase,Sin clase,Sin clase,Sin clase,Sin clase,Sin clase,Sin clase,Sin clase,Sin clase,Sin clase,Sin clase,Sin clase,Sin clase,Sin clase,REALIDAD VIRTUAL Y AUMENTADA,Sin clase,Sin clase,Sin clase,Sin clase,Sin clase
Teletrabajo,Sin clase,Sin clase,Sin clase,Sin clase,Sin clase,Sin clase,Sin clase,Sin clase,Sin clase,Sin clase,Sin clase,Sin clase,Sin clase,Sin clase,Sin clase,Sin clase,Sin clase,Sin clase,Sin clase,Sin clase,Sin clase,Sin clase,Inteligencia Emocional,Plataformas de Teleworking,Implementación del Teletrabajo,Liderazgo y Motivación,Regulación Jurídica del Teleworking,Inteligencia Emocional
Ten. Alim. Funcional,Sin clase,Sin clase,Sin clase,Sin clase,Sin clase,Sin clase,Sin clase,Sin clase,Sin clase,Sin clase,Sin clase,Sin clase,Sin clase,Sin clase,Sin clase,Sin clase,Sin clase,Sin clase,Sin clase,Sin clase,Sin clase,Sin clase,Fundamentos de la ciencia de los alimentos,Introducción a los alimentos funcionales,Alimentación y enfermedades,Tópicos selectos de biotecnología,"Planeación, producción y comercialización de nuevos alimentos",Fundamentos de la ciencia de los alimentos
Trans. Digital,Sin clase,Sin clase,Sin clase,Sin clase,Sin clase,Sin clase,Sin clase,Sin clase,Sin clase,Sin clase,Sin clase,Sin clase,Sin clase,Sin clase,Sin clase,Sin clase,Sin clase,Sin clase,Sin clase,Sin clase,Sin clase,Sin clase,Componentes básicos en Inteligencia Artificial,El Design Thinking bajo un modelo de experiencias,TECNOLOGÍAS DISRUPTIVAS,Derecho de las tecnologías,Blockchain para empresas,Componentes básicos en Inteligencia Artificial
Transf. Globales,Sin clase,Sin clase,Sin clase,Sin clase,Sin clase,Sin clase,Sin clase,Sin clase,Sin clase,Sin clase,Sin clase,Sin clase,Sin clase,Sin clase,Sin clase,Sin clase,Sin clase,Sin clase,Sin clase,Sin clase,Tendencia de las organizaciones,Sin clase,Sociedad de la Información,Mercados globales y consecuencias,Mercados globales y consecuencias,Paz y Seguridad Internacionales,Tendencia de las organizaciones,Sociedad de la Información
Transparencia,Sin clase,Sin clase,Sin clase,Sin clase,Sin clase,Sin clase,Sin clase,Sin clase,Sin clase,Sin clase,Sin clase,Sin clase,Sin clase,Sin clase,Sin clase,Sin clase,Sin clase,Sin clase,Sin clase,Sin clase,Sin clase,Sin clase,Generalidades y clasificación de la corrupcción,Generalidades y clasificación de la corrupcción,La actuación ética y responsabilidad administrativa de los servidores públicos,Conductas delictivas asociadas a la corrupción,Corrupción en las empresas,El Sistema Nacional y Estatal Anticorrupción
Trastornos Alimen.,Sin clase,Sin clase,Sin clase,Sin clase,Sin clase,Sin clase,Sin clase,Sin clase,Sin clase,Sin clase,Sin clase,Sin clase,Sin clase,Sin clase,Sin clase,Sin clase,Sin clase,Sin clase,Sin clase,Epidemiología de los TCA y la obesidad. Cultura y alimentación,Factores de riesgo / Conductas de riesgo. Interacciones precoces,Diagnóstico de los TCA y la obesidad,Tratamiento de los TCA. Manejo integral y multidisciplinario,Prevención,Epidemiología de los TCA y la obesidad. Cultura y alimentación,Factores de riesgo / Conductas de riesgo. Interacciones precoces,Diagnóstico de los TCA y la obesidad,Tratamiento de los TCA. Manejo integral y multidisciplinario
Ventas Estrat.,Sin clase,Sin clase,Sin clase,Sin clase,Sin clase,Sin clase,Sin clase,Sin clase,Sin clase,Sin clase,Sin clase,Sin clase,Excelencia en el Servicio al Cliente,Mercadotecnia Estratégica,Contabilidad Financiera y Presupuestos,Liderazgo y Motivación,Visión Comercial,Excelencia en el Servicio al Cliente,Mercadotecnia Estratégica,Contabilidad Financiera y Presupuestos,Liderazgo y Motivación,Visión Comercial,Excelencia en el Servicio al Cliente,Mercadotecnia Estratégica,Contabilidad Financiera y Presupuestos,Liderazgo y Motivación,Visión Comercial,Excelencia en el Servicio al Cliente
Vida Indep.,Sin clase,Sin clase,Sin clase,Sin clase,Sin clase,Sin clase,Sin clase,Sin clase,Sin clase,Sin clase,Sin clase,Sin clase,Sin clase,Sin clase,Sin clase,Sin clase,Sin clase,Sin clase,Sin clase,Sin clase,Sin clase,Sin clase,Autodeterminacion/autogestor ,Familia ,Inclusión,Marco Normativo,Discapacidad,Autodeterminacion/autogestor 
